epoch,est_act,lr-SGD,step,test_accuracy,test_classifier_loss,test_error,test_f1,test_loss,test_precision,test_recall,total_act,total_macs,total_weights,train_accuracy,train_classifier_loss,train_error,train_f1,train_loss,train_precision,train_recall,val_accuracy,val_classifier_loss,val_error,val_f1,val_loss,val_precision,val_recall
,,0.012061568941931666,49,,,,,,,,,,,,,,,,,,,,,,,,
0,,,49,,,,,,,,,,,0.3359375,1.8161964416503906,0.6640625,0.2852368652820587,1.8161964416503906,0.30505698919296265,0.3262913227081299,,,,,,,
,,0.012251272248453793,99,,,,,,,,,,,,,,,,,,,,,,,,
0,,,99,,,,,,,,,,,0.4296875,1.5224289894104004,0.5703125,0.4201861619949341,1.5224289894104004,0.44189223647117615,0.4153725504875183,,,,,,,
,,0.01256896665626045,149,,,,,,,,,,,,,,,,,,,,,,,,
0,,,149,,,,,,,,,,,0.4375,1.4756231307983398,0.5625,0.41335952281951904,1.4756231307983398,0.4399634003639221,0.43134865164756775,,,,,,,
,,0.013014369296363681,199,,,,,,,,,,,,,,,,,,,,,,,,
0,,,199,,,,,,,,,,,0.4609375,1.490983009338379,0.5390625,0.4520973563194275,1.490983009338379,0.45502912998199463,0.46849218010902405,,,,,,,
,,0.01358708359082289,249,,,,,,,,,,,,,,,,,,,,,,,,
0,,,249,,,,,,,,,,,0.5078125,1.2896125316619873,0.4921875,0.5233635902404785,1.2896125316619873,0.5362911224365234,0.5371724367141724,,,,,,,
,,0.014286599605850048,299,,,,,,,,,,,,,,,,,,,,,,,,
0,,,299,,,,,,,,,,,0.53125,1.2917699813842773,0.46875,0.49751752614974976,1.2917699813842773,0.530876636505127,0.5198268890380859,,,,,,,
,,0.015112294505844837,349,,,,,,,,,,,,,,,,,,,,,,,,
0,,,349,,,,,,,,,,,0.6484375,1.0718613862991333,0.3515625,0.6453632116317749,1.0718613862991333,0.6660469174385071,0.6710355877876282,,,,,,,
0,131072.0,,350,,,,,,,,1185044.0,291308800.0,2272192.0,,,,,,,,0.6049679517745972,1.0870379209518433,0.39503204822540283,0.596969485282898,1.0870379209518433,0.6317158937454224,0.6058990359306335
,,0.016063433107955882,399,,,,,,,,,,,,,,,,,,,,,,,,
1,,,399,,,,,,,,,,,0.6015625,1.0613957643508911,0.3984375,0.5850710868835449,1.0613957643508911,0.6121335625648499,0.5917658805847168,,,,,,,
,,0.0171391685366728,449,,,,,,,,,,,,,,,,,,,,,,,,
1,,,449,,,,,,,,,,,0.6171875,1.0722848176956177,0.3828125,0.6157041788101196,1.0722848176956177,0.6265901327133179,0.6245546340942383,,,,,,,
,,0.01833854297786841,499,,,,,,,,,,,,,,,,,,,,,,,,
1,,,499,,,,,,,,,,,0.7109375,0.8273331522941589,0.2890625,0.6990177035331726,0.8273331522941589,0.7058770656585693,0.7108628749847412,,,,,,,
,,0.01966048853161778,549,,,,,,,,,,,,,,,,,,,,,,,,
1,,,549,,,,,,,,,,,0.6484375,1.0479183197021484,0.3515625,0.6423566341400146,1.0479183197021484,0.6558748483657837,0.6451228857040405,,,,,,,
,,0.021103828163035687,599,,,,,,,,,,,,,,,,,,,,,,,,
1,,,599,,,,,,,,,,,0.640625,1.0273501873016357,0.359375,0.630344808101654,1.0273501873016357,0.6447826623916626,0.6354184746742249,,,,,,,
,,0.022667276750286014,649,,,,,,,,,,,,,,,,,,,,,,,,
1,,,649,,,,,,,,,,,0.7265625,0.8803610801696777,0.2734375,0.6960753202438354,0.8803610801696777,0.7001557350158691,0.7026330828666687,,,,,,,
,,0.024349442228829288,699,,,,,,,,,,,,,,,,,,,,,,,,
1,,,699,,,,,,,,,,,0.6796875,0.8555598258972168,0.3203125,0.6787315607070923,0.8555598258972168,0.6939085721969604,0.6858890056610107,,,,,,,
1,131072.0,,701,,,,,,,,1185044.0,291308800.0,2272192.0,,,,,,,,0.651442289352417,0.9973719716072083,0.348557710647583,0.6394523978233337,0.9973719716072083,0.6912910342216492,0.6496648788452148
,,0.026148826830890537,749,,,,,,,,,,,,,,,,,,,,,,,,
2,,,749,,,,,,,,,,,0.671875,0.7788259983062744,0.328125,0.6543893814086914,0.7788259983062744,0.6730569005012512,0.6865600347518921,,,,,,,
,,0.02806382841904237,799,,,,,,,,,,,,,,,,,,,,,,,,
2,,,799,,,,,,,,,,,0.7421875,0.7822959423065186,0.2578125,0.7224459052085876,0.7822959423065186,0.7407341003417969,0.7258152961730957,,,,,,,
,,0.030092741912717824,849,,,,,,,,,,,,,,,,,,,,,,,,
2,,,849,,,,,,,,,,,0.703125,0.7788488864898682,0.296875,0.6871085166931152,0.7788488864898682,0.712450385093689,0.7052894830703735,,,,,,,
,,0.03223376080638091,899,,,,,,,,,,,,,,,,,,,,,,,,
2,,,899,,,,,,,,,,,0.75,0.6979150772094727,0.25,0.751629114151001,0.6979150772094727,0.7637857794761658,0.7541125416755676,,,,,,,
,,0.03448497877800455,949,,,,,,,,,,,,,,,,,,,,,,,,
2,,,949,,,,,,,,,,,0.7109375,0.7701156139373779,0.2890625,0.6971834897994995,0.7701156139373779,0.6981104612350464,0.708264172077179,,,,,,,
,,0.03684439138642315,999,,,,,,,,,,,,,,,,,,,,,,,,
2,,,999,,,,,,,,,,,0.75,0.6810719966888428,0.25,0.7501018047332764,0.6810719966888428,0.7722939848899841,0.7743633985519409,,,,,,,
,,0.03930989785604816,1049,,,,,,,,,,,,,,,,,,,,,,,,
2,,,1049,,,,,,,,,,,0.7265625,0.7328729629516602,0.2734375,0.7342140674591064,0.7328729629516602,0.7310073375701904,0.7411441802978516,,,,,,,
2,131072.0,,1052,,,,,,,,1185044.0,291308800.0,2272192.0,,,,,,,,0.7582131624221802,0.7047333717346191,0.24178683757781982,0.756953775882721,0.7047333717346191,0.7720394134521484,0.7577049732208252
,,0.04187930294735853,1099,,,,,,,,,,,,,,,,,,,,,,,,
3,,,1099,,,,,,,,,,,0.796875,0.6057714223861694,0.203125,0.7993758916854858,0.6057714223861694,0.8051719665527344,0.8048123121261597,,,,,,,
,,0.04455031891149941,1149,,,,,,,,,,,,,,,,,,,,,,,,
3,,,1149,,,,,,,,,,,0.7734375,0.8695027232170105,0.2265625,0.7784992456436157,0.8695027232170105,0.7746812701225281,0.7892262935638428,,,,,,,
,,0.04732056752725017,1199,,,,,,,,,,,,,,,,,,,,,,,,
3,,,1199,,,,,,,,,,,0.7265625,0.7614794969558716,0.2734375,0.731993556022644,0.7614794969558716,0.7467095851898193,0.7497652769088745,,,,,,,
,,0.0501875822185463,1249,,,,,,,,,,,,,,,,,,,,,,,,
3,,,1249,,,,,,,,,,,0.828125,0.5235006809234619,0.171875,0.7840152978897095,0.5235006809234619,0.8313423991203308,0.7936614751815796,,,,,,,
,,0.05314881025067164,1299,,,,,,,,,,,,,,,,,,,,,,,,
3,,,1299,,,,,,,,,,,0.71875,0.7288029789924622,0.28125,0.696806788444519,0.7288029789924622,0.712522029876709,0.7427752017974854,,,,,,,
,,0.05620161500316412,1349,,,,,,,,,,,,,,,,,,,,,,,,
3,,,1349,,,,,,,,,,,0.7890625,0.5923275351524353,0.2109375,0.7791125774383545,0.5923275351524353,0.8042352199554443,0.7879977822303772,,,,,,,
,,0.0593432783174119,1399,,,,,,,,,,,,,,,,,,,,,,,,
3,,,1399,,,,,,,,,,,0.7890625,0.6090421676635742,0.2109375,0.7805443406105042,0.6090421676635742,0.7810173034667969,0.8006197810173035,,,,,,,
3,131072.0,,1403,,,,,,,,1185044.0,291308800.0,2272192.0,,,,,,,,0.7584134340286255,0.7043002247810364,0.2415865659713745,0.7600788474082947,0.7043002247810364,0.7840427756309509,0.7595158219337463
,,0.06257100291684956,1449,,,,,,,,,,,,,,,,,,,,,,,,
4,,,1449,,,,,,,,,,,0.8203125,0.6243751049041748,0.1796875,0.818684995174408,0.6243751049041748,0.8244444727897644,0.8230364322662354,,,,,,,
,,0.06588191489759912,1499,,,,,,,,,,,,,,,,,,,,,,,,
4,,,1499,,,,,,,,,,,0.7421875,0.6980276107788086,0.2578125,0.761576771736145,0.6980276107788086,0.7819317579269409,0.7778301239013672,,,,,,,
,,0.06927306628733912,1549,,,,,,,,,,,,,,,,,,,,,,,,
4,,,1549,,,,,,,,,,,0.8203125,0.5207593441009521,0.1796875,0.8139652013778687,0.5207593441009521,0.8160852193832397,0.8266833424568176,,,,,,,
,,0.07274143767012206,1599,,,,,,,,,,,,,,,,,,,,,,,,
4,,,1599,,,,,,,,,,,0.8125,0.630748450756073,0.1875,0.807506799697876,0.630748450756073,0.8075096607208252,0.8248239159584045,,,,,,,
,,0.07628394087480458,1649,,,,,,,,,,,,,,,,,,,,,,,,
4,,,1649,,,,,,,,,,,0.796875,0.5647990703582764,0.203125,0.792899489402771,0.5647990703582764,0.8078798651695251,0.7996337413787842,,,,,,,
,,0.07989742172469538,1699,,,,,,,,,,,,,,,,,,,,,,,,
4,,,1699,,,,,,,,,,,0.84375,0.4832305908203125,0.15625,0.8428104519844055,0.4832305908203125,0.8555677533149719,0.8421639800071716,,,,,,,
,,0.0835786628459736,1749,,,,,,,,,,,,,,,,,,,,,,,,
4,,,1749,,,,,,,,,,,0.7734375,0.6106639504432678,0.2265625,0.7790275812149048,0.6106639504432678,0.7794828414916992,0.789405882358551,,,,,,,
4,131072.0,,1754,,,,,,,,1185044.0,291308800.0,2272192.0,,,,,,,,0.7518028616905212,0.7144578099250793,0.24819713830947876,0.744746208190918,0.7144578099250793,0.7757735252380371,0.7503273487091064
,,0.08732438653237656,1799,,,,,,,,,,,,,,,,,,,,,,,,
5,,,1799,,,,,,,,,,,0.796875,0.6953039169311523,0.203125,0.7858290076255798,0.6953039169311523,0.787260115146637,0.8080627918243408,,,,,,,
,,0.09113125766360641,1849,,,,,,,,,,,,,,,,,,,,,,,,
5,,,1849,,,,,,,,,,,0.734375,0.7189701795578003,0.265625,0.746955156326294,0.7189701795578003,0.7611190676689148,0.7510023713111877,,,,,,,
,,0.09499588667485664,1899,,,,,,,,,,,,,,,,,,,,,,,,
5,,,1899,,,,,,,,,,,0.8125,0.5827251076698303,0.1875,0.796800434589386,0.5827251076698303,0.7953807711601257,0.8196324110031128,,,,,,,
,,0.09891483257481615,1949,,,,,,,,,,,,,,,,,,,,,,,,
5,,,1949,,,,,,,,,,,0.7734375,0.6125346422195435,0.2265625,0.7588671445846558,0.6125346422195435,0.771162211894989,0.7913579344749451,,,,,,,
,,0.10288460600946095,1999,,,,,,,,,,,,,,,,,,,,,,,,
5,,,1999,,,,,,,,,,,0.8046875,0.5652657151222229,0.1953125,0.8013414144515991,0.5652657151222229,0.8036788702011108,0.8153394460678101,,,,,,,
,,0.10690167236890821,2049,,,,,,,,,,,,,,,,,,,,,,,,
5,,,2049,,,,,,,,,,,0.796875,0.6116594076156616,0.203125,0.7964823246002197,0.6116594076156616,0.8004739880561829,0.8083089590072632,,,,,,,
,,0.11096245493456489,2099,,,,,,,,,,,,,,,,,,,,,,,,
5,,,2099,,,,,,,,,,,0.8515625,0.5032778978347778,0.1484375,0.8293427228927612,0.5032778978347778,0.8444454669952393,0.8363581895828247,,,,,,,
5,131072.0,,2105,,,,,,,,1185044.0,291308800.0,2272192.0,,,,,,,,0.7958734035491943,0.5994430184364319,0.20412659645080566,0.789669394493103,0.5994430184364319,0.8093084096908569,0.7945634126663208
,,0.11506333806376914,2149,,,,,,,,,,,,,,,,,,,,,,,,
6,,,2149,,,,,,,,,,,0.8203125,0.4823223352432251,0.1796875,0.8254623413085938,0.4823223352432251,0.8325042724609375,0.8345237970352173,,,,,,,
,,0.11920067040908877,2199,,,,,,,,,,,,,,,,,,,,,,,,
6,,,2199,,,,,,,,,,,0.8359375,0.4777204990386963,0.1640625,0.8297799229621887,0.4777204990386963,0.8316946029663086,0.8360439538955688,,,,,,,
,,0.1233707681694109,2249,,,,,,,,,,,,,,,,,,,,,,,,
6,,,2249,,,,,,,,,,,0.8671875,0.3753592371940613,0.1328125,0.8594976663589478,0.3753592371940613,0.8583968877792358,0.8809090852737427,,,,,,,
,,0.12756991836992776,2299,,,,,,,,,,,,,,,,,,,,,,,,
6,,,2299,,,,,,,,,,,0.9140625,0.3914671838283539,0.0859375,0.907633364200592,0.3914671838283539,0.9115476608276367,0.9130730032920837,,,,,,,
,,0.1317943821680977,2349,,,,,,,,,,,,,,,,,,,,,,,,
6,,,2349,,,,,,,,,,,0.8515625,0.46701157093048096,0.1484375,0.8573680520057678,0.46701157093048096,0.8650089502334595,0.8639758229255676,,,,,,,
,,0.13604039818263872,2399,,,,,,,,,,,,,,,,,,,,,,,,
6,,,2399,,,,,,,,,,,0.796875,0.556930422782898,0.203125,0.7899703979492188,0.556930422782898,0.7970695495605469,0.7996870279312134,,,,,,,
,,0.14030418584259022,2449,,,,,,,,,,,,,,,,,,,,,,,,
6,,,2449,,,,,,,,,,,0.7578125,0.636745274066925,0.2421875,0.7598463296890259,0.636745274066925,0.7694371938705444,0.7756511569023132,,,,,,,
6,131072.0,,2456,,,,,,,,1185044.0,291308800.0,2272192.0,,,,,,,,0.8237179517745972,0.529715895652771,0.17628204822540283,0.8226848840713501,0.529715895652771,0.8263922929763794,0.8218669295310974
,,0.1445819487534604,2499,,,,,,,,,,,,,,,,,,,,,,,,
7,,,2499,,,,,,,,,,,0.8828125,0.33547505736351013,0.1171875,0.8782765865325928,0.33547505736351013,0.8905950784683228,0.8748373985290527,,,,,,,
,,0.14886987807746282,2549,,,,,,,,,,,,,,,,,,,,,,,,
7,,,2549,,,,,,,,,,,0.8359375,0.4778130352497101,0.1640625,0.8349521160125732,0.4778130352497101,0.8460103273391724,0.8351702690124512,,,,,,,
,,0.15316415592483262,2599,,,,,,,,,,,,,,,,,,,,,,,,
7,,,2599,,,,,,,,,,,0.8046875,0.540913462638855,0.1953125,0.7954513430595398,0.540913462638855,0.8106164932250977,0.8068252205848694,,,,,,,
,,0.15746095875320182,2649,,,,,,,,,,,,,,,,,,,,,,,,
7,,,2649,,,,,,,,,,,0.78125,0.6006776094436646,0.21875,0.7804006338119507,0.6006776094436646,0.7938492298126221,0.7858908772468567,,,,,,,
,,0.16175646077200778,2699,,,,,,,,,,,,,,,,,,,,,,,,
7,,,2699,,,,,,,,,,,0.7890625,0.6243674159049988,0.2109375,0.7947119474411011,0.6243674159049988,0.7936551570892334,0.8171464204788208,,,,,,,
,,0.16604683734890388,2749,,,,,,,,,,,,,,,,,,,,,,,,
7,,,2749,,,,,,,,,,,0.859375,0.4307391047477722,0.140625,0.8525224328041077,0.4307391047477722,0.8514871001243591,0.8732295036315918,,,,,,,
,,0.17032826841513826,2799,,,,,,,,,,,,,,,,,,,,,,,,
7,,,2799,,,,,,,,,,,0.78125,0.6142421960830688,0.21875,0.7705334424972534,0.6142421960830688,0.7853960990905762,0.7840823531150818,,,,,,,
7,131072.0,,2807,,,,,,,,1185044.0,291308800.0,2272192.0,,,,,,,,0.7538061141967773,0.7188839316368103,0.24619388580322266,0.7591242790222168,0.7188839316368103,0.8226757049560547,0.7508722543716431
,,0.17459694186686958,2849,,,,,,,,,,,,,,,,,,,,,,,,
8,,,2849,,,,,,,,,,,0.8984375,0.4360358417034149,0.1015625,0.8868638277053833,0.4360358417034149,0.8844804763793945,0.896944522857666,,,,,,,
,,0.1788490569593911,2899,,,,,,,,,,,,,,,,,,,,,,,,
8,,,2899,,,,,,,,,,,0.859375,0.453419029712677,0.140625,0.8632640838623047,0.453419029712677,0.8674328327178955,0.8663395047187805,,,,,,,
,,0.18308082769124048,2949,,,,,,,,,,,,,,,,,,,,,,,,
8,,,2949,,,,,,,,,,,0.765625,0.6819264888763428,0.234375,0.7550220489501953,0.6819264888763428,0.7712286710739136,0.7758581638336182,,,,,,,
,,0.18728848617518254,2999,,,,,,,,,,,,,,,,,,,,,,,,
8,,,2999,,,,,,,,,,,0.7890625,0.6188298463821411,0.2109375,0.8031506538391113,0.6188298463821411,0.8167439699172974,0.8152381181716919,,,,,,,
,,0.19146828599306392,3049,,,,,,,,,,,,,,,,,,,,,,,,
8,,,3049,,,,,,,,,,,0.8046875,0.5045114159584045,0.1953125,0.7881717681884766,0.5045114159584045,0.7988576889038086,0.8041839003562927,,,,,,,
,,0.19561650553155124,3099,,,,,,,,,,,,,,,,,,,,,,,,
8,,,3099,,,,,,,,,,,0.8125,0.5242158770561218,0.1875,0.8073809146881104,0.5242158770561218,0.8178021907806396,0.8201785683631897,,,,,,,
,,0.1997294512957845,3149,,,,,,,,,,,,,,,,,,,,,,,,
8,,,3149,,,,,,,,,,,0.859375,0.41584399342536926,0.140625,0.8451012969017029,0.41584399342536926,0.8522654175758362,0.857765257358551,,,,,,,
8,131072.0,,3158,,,,,,,,1185044.0,291308800.0,2272192.0,,,,,,,,0.7207531929016113,0.8591443300247192,0.27924680709838867,0.727860689163208,0.8591443300247192,0.7938723564147949,0.7201430797576904
,,0.20380346119799336,3199,,,,,,,,,,,,,,,,,,,,,,,,
9,,,3199,,,,,,,,,,,0.8359375,0.5335007905960083,0.1640625,0.8399312496185303,0.5335007905960083,0.8366705775260925,0.8594732880592346,,,,,,,
,,0.20783490781814995,3249,,,,,,,,,,,,,,,,,,,,,,,,
9,,,3249,,,,,,,,,,,0.859375,0.5012844204902649,0.140625,0.8660084009170532,0.5012844204902649,0.8805993795394897,0.8703535795211792,,,,,,,
,,0.2118202016337538,3299,,,,,,,,,,,,,,,,,,,,,,,,
9,,,3299,,,,,,,,,,,0.8125,0.44543248414993286,0.1875,0.8108252882957458,0.44543248414993286,0.8286016583442688,0.8187087774276733,,,,,,,
,,0.21575579421587357,3349,,,,,,,,,,,,,,,,,,,,,,,,
9,,,3349,,,,,,,,,,,0.859375,0.4003000855445862,0.140625,0.8655357360839844,0.4003000855445862,0.8868253827095032,0.8641678094863892,,,,,,,
,,0.21963818138859975,3399,,,,,,,,,,,,,,,,,,,,,,,,
9,,,3399,,,,,,,,,,,0.8125,0.5070302486419678,0.1875,0.8188264966011047,0.5070302486419678,0.8312606811523438,0.8224098086357117,,,,,,,
,,0.2234639063490958,3449,,,,,,,,,,,,,,,,,,,,,,,,
9,,,3449,,,,,,,,,,,0.828125,0.5754850506782532,0.171875,0.8240921497344971,0.5754850506782532,0.8299540281295776,0.8374366760253906,,,,,,,
,,0.22722956274546868,3499,,,,,,,,,,,,,,,,,,,,,,,,
9,,,3499,,,,,,,,,,,0.8359375,0.46500730514526367,0.1640625,0.8517959117889404,0.46500730514526367,0.8570641875267029,0.8566315770149231,,,,,,,
9,131072.0,,3509,,,,,,,,1185044.0,291308800.0,2272192.0,,,,,,,,0.6989182829856873,0.9597549438476562,0.30108171701431274,0.6948835849761963,0.9597549438476562,0.7644400596618652,0.6942333579063416
,,0.23093179770971894,3549,,,,,,,,,,,,,,,,,,,,,,,,
10,,,3549,,,,,,,,,,,0.8984375,0.32764655351638794,0.1015625,0.904308557510376,0.32764655351638794,0.9124661087989807,0.9011309742927551,,,,,,,
,,0.23456731484307008,3599,,,,,,,,,,,,,,,,,,,,,,,,
10,,,3599,,,,,,,,,,,0.8359375,0.5187580585479736,0.1640625,0.8313279747962952,0.5187580585479736,0.840814471244812,0.831398069858551,,,,,,,
,,0.2381328771510185,3649,,,,,,,,,,,,,,,,,,,,,,,,
10,,,3649,,,,,,,,,,,0.8359375,0.47092393040657043,0.1640625,0.8307899236679077,0.47092393040657043,0.8431484699249268,0.840553879737854,,,,,,,
,,0.24162530992549092,3699,,,,,,,,,,,,,,,,,,,,,,,,
10,,,3699,,,,,,,,,,,0.84375,0.5570340156555176,0.15625,0.8445689678192139,0.5570340156555176,0.8581905364990234,0.8407149910926819,,,,,,,
,,0.2450415035715439,3749,,,,,,,,,,,,,,,,,,,,,,,,
10,,,3749,,,,,,,,,,,0.75,0.5949178338050842,0.25,0.7363115549087524,0.5949178338050842,0.7483657598495483,0.7434954643249512,,,,,,,
,,0.24837841637608682,3799,,,,,,,,,,,,,,,,,,,,,,,,
10,,,3799,,,,,,,,,,,0.8671875,0.3968829810619354,0.1328125,0.8689773082733154,0.3968829810619354,0.861551821231842,0.8898030519485474,,,,,,,
,,0.2516330772161648,3849,,,,,,,,,,,,,,,,,,,,,,,,
10,,,3849,,,,,,,,,,,0.796875,0.4999898672103882,0.203125,0.8047481179237366,0.4999898672103882,0.8309379816055298,0.82520592212677,,,,,,,
10,131072.0,,3860,,,,,,,,1185044.0,291308800.0,2272192.0,,,,,,,,0.7477964758872986,0.7531818747520447,0.2522035241127014,0.75129234790802,0.7531818747520447,0.8055451512336731,0.746073305606842
,,0.25480258820438967,3899,,,,,,,,,,,,,,,,,,,,,,,,
11,,,3899,,,,,,,,,,,0.8125,0.5311382412910461,0.1875,0.8079221248626709,0.5311382412910461,0.8154969215393066,0.8288462162017822,,,,,,,
,,0.2578841272691628,3949,,,,,,,,,,,,,,,,,,,,,,,,
11,,,3949,,,,,,,,,,,0.78125,0.5664318799972534,0.21875,0.7764097452163696,0.5664318799972534,0.7785520553588867,0.7909994721412659,,,,,,,
,,0.26087495066739375,3999,,,,,,,,,,,,,,,,,,,,,,,,
11,,,3999,,,,,,,,,,,0.890625,0.3795808255672455,0.109375,0.887428343296051,0.3795808255672455,0.8943003416061401,0.8955565690994263,,,,,,,
,,0.26377239542747577,4049,,,,,,,,,,,,,,,,,,,,,,,,
11,,,4049,,,,,,,,,,,0.8671875,0.38607168197631836,0.1328125,0.8659192323684692,0.38607168197631836,0.8682540059089661,0.8841596841812134,,,,,,,
,,0.26657388172034485,4099,,,,,,,,,,,,,,,,,,,,,,,,
11,,,4099,,,,,,,,,,,0.828125,0.5078268051147461,0.171875,0.8382460474967957,0.5078268051147461,0.8414642810821533,0.8622556328773499,,,,,,,
,,0.2692769151565102,4149,,,,,,,,,,,,,,,,,,,,,,,,
11,,,4149,,,,,,,,,,,0.84375,0.47333452105522156,0.15625,0.8129103183746338,0.47333452105522156,0.8374661207199097,0.8157978653907776,,,,,,,
,,0.27187908900700986,4199,,,,,,,,,,,,,,,,,,,,,,,,
11,,,4199,,,,,,,,,,,0.859375,0.4238111078739166,0.140625,0.8628319501876831,0.4238111078739166,0.8611233234405518,0.8831523656845093,,,,,,,
11,131072.0,,4211,,,,,,,,1185044.0,291308800.0,2272192.0,,,,,,,,0.7646234035491943,0.7019739151000977,0.23537659645080566,0.7644331455230713,0.7019739151000977,0.7982606887817383,0.7645879983901978
,,0.27437808634631633,4249,,,,,,,,,,,,,,,,,,,,,,,,
12,,,4249,,,,,,,,,,,0.8671875,0.3987886905670166,0.1328125,0.8600002527236938,0.3987886905670166,0.8626024723052979,0.8707635998725891,,,,,,,
,,0.2767716821152827,4299,,,,,,,,,,,,,,,,,,,,,,,,
12,,,4299,,,,,,,,,,,0.828125,0.5478849411010742,0.171875,0.8278969526290894,0.5478849411010742,0.837242841720581,0.8463680148124695,,,,,,,
,,0.279057745102292,4349,,,,,,,,,,,,,,,,,,,,,,,,
12,,,4349,,,,,,,,,,,0.84375,0.4131160378456116,0.15625,0.8494516015052795,0.4131160378456116,0.8540064096450806,0.855607807636261,,,,,,,
,,0.2812342398408472,4399,,,,,,,,,,,,,,,,,,,,,,,,
12,,,4399,,,,,,,,,,,0.8125,0.46190568804740906,0.1875,0.82136470079422,0.46190568804740906,0.8346547484397888,0.823845624923706,,,,,,,
,,0.28329922842191174,4449,,,,,,,,,,,,,,,,,,,,,,,,
12,,,4449,,,,,,,,,,,0.8359375,0.4300708770751953,0.1640625,0.8298836350440979,0.4300708770751953,0.844069242477417,0.8355951905250549,,,,,,,
,,0.285250872219386,4499,,,,,,,,,,,,,,,,,,,,,,,,
12,,,4499,,,,,,,,,,,0.7890625,0.609606146812439,0.2109375,0.771651029586792,0.609606146812439,0.7931666374206543,0.7707181572914124,,,,,,,
,,0.28708743352718463,4549,,,,,,,,,,,,,,,,,,,,,,,,
12,,,4549,,,,,,,,,,,0.75,0.6222130656242371,0.25,0.7217498421669006,0.6222130656242371,0.7319996356964111,0.7478455305099487,,,,,,,
12,131072.0,,4562,,,,,,,,1185044.0,291308800.0,2272192.0,,,,,,,,0.7465945482254028,0.7771902084350586,0.25340545177459717,0.7483566999435425,0.7771902084350586,0.7973651885986328,0.7449184060096741
,,0.28880727710645704,4599,,,,,,,,,,,,,,,,,,,,,,,,
13,,,4599,,,,,,,,,,,0.7890625,0.5107816457748413,0.2109375,0.7902846336364746,0.5107816457748413,0.7921035289764404,0.7978382706642151,,,,,,,
,,0.29040887164157214,4649,,,,,,,,,,,,,,,,,,,,,,,,
13,,,4649,,,,,,,,,,,0.8125,0.5451126098632812,0.1875,0.7940282225608826,0.5451126098632812,0.8024902939796448,0.8074451684951782,,,,,,,
,,0.2918907911035725,4699,,,,,,,,,,,,,,,,,,,,,,,,
13,,,4699,,,,,,,,,,,0.875,0.3216255307197571,0.125,0.8725996017456055,0.3216255307197571,0.8746887445449829,0.8817591071128845,,,,,,,
,,0.29325171601988326,4749,,,,,,,,,,,,,,,,,,,,,,,,
13,,,4749,,,,,,,,,,,0.890625,0.3455316722393036,0.109375,0.8856953382492065,0.3455316722393036,0.8871114253997803,0.8912441730499268,,,,,,,
,,0.2944904346491447,4799,,,,,,,,,,,,,,,,,,,,,,,,
13,,,4799,,,,,,,,,,,0.8046875,0.490626722574234,0.1953125,0.8003696203231812,0.490626722574234,0.8133412599563599,0.818527340888977,,,,,,,
,,0.29560584406012397,4849,,,,,,,,,,,,,,,,,,,,,,,,
13,,,4849,,,,,,,,,,,0.8359375,0.4212665259838104,0.1640625,0.8379173278808594,0.4212665259838104,0.8595373034477234,0.8348824977874756,,,,,,,
,,0.2965969511137433,4899,,,,,,,,,,,,,,,,,,,,,,,,
13,,,4899,,,,,,,,,,,0.8671875,0.36937153339385986,0.1328125,0.8655691742897034,0.36937153339385986,0.8761718273162842,0.8682341575622559,,,,,,,
13,131072.0,,4913,,,,,,,,1185044.0,291308800.0,2272192.0,,,,,,,,0.7251602411270142,0.825495183467865,0.27483975887298584,0.7357738614082336,0.825495183467865,0.8076848983764648,0.7257648706436157
,,0.2974628733473523,4949,,,,,,,,,,,,,,,,,,,,,,,,
14,,,4949,,,,,,,,,,,0.890625,0.36138054728507996,0.109375,0.8708202838897705,0.36138054728507996,0.8762129545211792,0.8710108995437622,,,,,,,
,,0.29820283976045564,4999,,,,,,,,,,,,,,,,,,,,,,,,
14,,,4999,,,,,,,,,,,0.9140625,0.34343650937080383,0.0859375,0.9111595153808594,0.34343650937080383,0.9181143641471863,0.9113268256187439,,,,,,,
,,0.2988161915011969,5049,,,,,,,,,,,,,,,,,,,,,,,,
14,,,5049,,,,,,,,,,,0.875,0.38709962368011475,0.125,0.863824725151062,0.38709962368011475,0.8641269207000732,0.8693910837173462,,,,,,,
,,0.29930238245298785,5099,,,,,,,,,,,,,,,,,,,,,,,,
14,,,5099,,,,,,,,,,,0.84375,0.44077855348587036,0.15625,0.8480277061462402,0.44077855348587036,0.8676120638847351,0.8456063866615295,,,,,,,
,,0.2996609797207599,5149,,,,,,,,,,,,,,,,,,,,,,,,
14,,,5149,,,,,,,,,,,0.8203125,0.5142171382904053,0.1796875,0.7967594861984253,0.5142171382904053,0.8310673832893372,0.803153395652771,,,,,,,
,,0.29989166401640566,5199,,,,,,,,,,,,,,,,,,,,,,,,
14,,,5199,,,,,,,,,,,0.8515625,0.5304496884346008,0.1484375,0.8599164485931396,0.5304496884346008,0.856483519077301,0.8741660714149475,,,,,,,
,,0.299994229943067,5249,,,,,,,,,,,,,,,,,,,,,,,,
14,,,5249,,,,,,,,,,,0.8359375,0.44746723771095276,0.1640625,0.8402734994888306,0.44746723771095276,0.8594152927398682,0.8622205257415771,,,,,,,
14,131072.0,,5264,,,,,,,,1185044.0,291308800.0,2272192.0,,,,,,,,0.7876602411270142,0.6277444958686829,0.21233975887298584,0.7798916101455688,0.6277444958686829,0.8025520443916321,0.7865030169487
,,0.2999939918310106,5299,,,,,,,,,,,,,,,,,,,,,,,,
15,,,5299,,,,,,,,,,,0.8828125,0.4354568123817444,0.1171875,0.8760613799095154,0.4354568123817444,0.8777381181716919,0.8826998472213745,,,,,,,
,,0.299964565223198,5349,,,,,,,,,,,,,,,,,,,,,,,,
15,,,5349,,,,,,,,,,,0.78125,0.5928981900215149,0.21875,0.7689874768257141,0.5928981900215149,0.7691359519958496,0.780148983001709,,,,,,,
,,0.2999106214401762,5399,,,,,,,,,,,,,,,,,,,,,,,,
15,,,5399,,,,,,,,,,,0.8671875,0.3818196952342987,0.1328125,0.8652408123016357,0.3818196952342987,0.8653249740600586,0.8713919520378113,,,,,,,
,,0.29983216930105855,5449,,,,,,,,,,,,,,,,,,,,,,,,
15,,,5449,,,,,,,,,,,0.8515625,0.415525883436203,0.1484375,0.8590143918991089,0.415525883436203,0.8491575717926025,0.875576913356781,,,,,,,
,,0.2997292216317584,5499,,,,,,,,,,,,,,,,,,,,,,,,
15,,,5499,,,,,,,,,,,0.8359375,0.4294808804988861,0.1640625,0.8306761980056763,0.4294808804988861,0.8290097713470459,0.8522630929946899,,,,,,,
,,0.2996017952628927,5549,,,,,,,,,,,,,,,,,,,,,,,,
15,,,5549,,,,,,,,,,,0.828125,0.44661933183670044,0.171875,0.8202742338180542,0.44661933183670044,0.8482770919799805,0.8179559111595154,,,,,,,
,,0.2994499110270301,5599,,,,,,,,,,,,,,,,,,,,,,,,
15,,,5599,,,,,,,,,,,0.875,0.3555559515953064,0.125,0.8716633319854736,0.3555559515953064,0.8777334094047546,0.8712112903594971,,,,,,,
15,131072.0,,5615,,,,,,,,1185044.0,291308800.0,2272192.0,,,,,,,,0.7724359035491943,0.7184513211250305,0.22756409645080566,0.7664034366607666,0.7184513211250305,0.7940388917922974,0.7699671983718872
,,0.29927359375528534,5649,,,,,,,,,,,,,,,,,,,,,,,,
16,,,5649,,,,,,,,,,,0.8125,0.4504479169845581,0.1875,0.8079414963722229,0.4504479169845581,0.8170121312141418,0.8136796951293945,,,,,,,
,,0.29907287227325957,5699,,,,,,,,,,,,,,,,,,,,,,,,
16,,,5699,,,,,,,,,,,0.828125,0.4731734097003937,0.171875,0.8273258805274963,0.4731734097003937,0.8277699947357178,0.849997878074646,,,,,,,
,,0.2988477793963277,5749,,,,,,,,,,,,,,,,,,,,,,,,
16,,,5749,,,,,,,,,,,0.828125,0.4577612280845642,0.171875,0.825918436050415,0.4577612280845642,0.8437120914459229,0.8279799222946167,,,,,,,
,,0.29859835192427353,5799,,,,,,,,,,,,,,,,,,,,,,,,
16,,,5799,,,,,,,,,,,0.8828125,0.3149552345275879,0.1171875,0.8766233325004578,0.3149552345275879,0.8855823278427124,0.885972261428833,,,,,,,
,,0.29832463063527354,5849,,,,,,,,,,,,,,,,,,,,,,,,
16,,,5849,,,,,,,,,,,0.7890625,0.5335938930511475,0.2109375,0.7698235511779785,0.5335938930511475,0.787533164024353,0.764378547668457,,,,,,,
,,0.29802666027923,5899,,,,,,,,,,,,,,,,,,,,,,,,
16,,,5899,,,,,,,,,,,0.8359375,0.4022533595561981,0.1640625,0.8333609104156494,0.4022533595561981,0.843711256980896,0.8431745767593384,,,,,,,
,,0.2977044895704553,5949,,,,,,,,,,,,,,,,,,,,,,,,
16,,,5949,,,,,,,,,,,0.828125,0.5784454941749573,0.171875,0.8270626664161682,0.5784454941749573,0.8410444259643555,0.8351563215255737,,,,,,,
16,131072.0,,5966,,,,,,,,1185044.0,291308800.0,2272192.0,,,,,,,,0.7007211446762085,0.9187865853309631,0.2992788553237915,0.7122452259063721,0.9187865853309631,0.7938394546508789,0.7025426030158997
,,0.29735817117970725,5999,,,,,,,,,,,,,,,,,,,,,,,,
17,,,5999,,,,,,,,,,,0.9140625,0.34230542182922363,0.0859375,0.9108895659446716,0.34230542182922363,0.9144433736801147,0.9151462316513062,,,,,,,
,,0.2969877617255786,6049,,,,,,,,,,,,,,,,,,,,,,,,
17,,,6049,,,,,,,,,,,0.8046875,0.559033989906311,0.1953125,0.7911274433135986,0.559033989906311,0.8006629943847656,0.8006053566932678,,,,,,,
,,0.2965933217652404,6099,,,,,,,,,,,,,,,,,,,,,,,,
17,,,6099,,,,,,,,,,,0.8671875,0.4107590317726135,0.1328125,0.8577483892440796,0.4107590317726135,0.863174557685852,0.8680769801139832,,,,,,,
,,0.29617491578454147,6149,,,,,,,,,,,,,,,,,,,,,,,,
17,,,6149,,,,,,,,,,,0.8515625,0.40274739265441895,0.1484375,0.8464565277099609,0.40274739265441895,0.8462826013565063,0.8605743050575256,,,,,,,
,,0.2957326121874664,6199,,,,,,,,,,,,,,,,,,,,,,,,
17,,,6199,,,,,,,,,,,0.8359375,0.3919011354446411,0.1640625,0.8289213180541992,0.3919011354446411,0.8429189920425415,0.8399896621704102,,,,,,,
,,0.29526648328495175,6249,,,,,,,,,,,,,,,,,,,,,,,,
17,,,6249,,,,,,,,,,,0.796875,0.5260051488876343,0.203125,0.7602201104164124,0.5260051488876343,0.7653144598007202,0.7820069789886475,,,,,,,
,,0.29477660528306443,6299,,,,,,,,,,,,,,,,,,,,,,,,
17,,,6299,,,,,,,,,,,0.875,0.3370001018047333,0.125,0.8535944223403931,0.3370001018047333,0.8551907539367676,0.8604395389556885,,,,,,,
17,131072.0,,6317,,,,,,,,1185044.0,291308800.0,2272192.0,,,,,,,,0.7688301205635071,0.6909847259521484,0.23116987943649292,0.7638635039329529,0.6909847259521484,0.7971528768539429,0.7651191353797913
,,0.2942630582705431,6349,,,,,,,,,,,,,,,,,,,,,,,,
18,,,6349,,,,,,,,,,,0.859375,0.4517539441585541,0.140625,0.854201078414917,0.4517539441585541,0.8640277981758118,0.8625446557998657,,,,,,,
,,0.2937259262057043,6399,,,,,,,,,,,,,,,,,,,,,,,,
18,,,6399,,,,,,,,,,,0.7578125,0.6179629564285278,0.2421875,0.7745574712753296,0.6179629564285278,0.7738983631134033,0.7934055328369141,,,,,,,
,,0.29316529690271687,6449,,,,,,,,,,,,,,,,,,,,,,,,
18,,,6449,,,,,,,,,,,0.84375,0.4967840909957886,0.15625,0.8368715047836304,0.4967840909957886,0.8408303260803223,0.8557173013687134,,,,,,,
,,0.292581262017245,6499,,,,,,,,,,,,,,,,,,,,,,,,
18,,,6499,,,,,,,,,,,0.8359375,0.4735773503780365,0.1640625,0.8188140392303467,0.4735773503780365,0.8316880464553833,0.8353874683380127,,,,,,,
,,0.29197391703146397,6549,,,,,,,,,,,,,,,,,,,,,,,,
18,,,6549,,,,,,,,,,,0.8359375,0.5530890226364136,0.1640625,0.824658215045929,0.5530890226364136,0.830122172832489,0.8350917100906372,,,,,,,
,,0.2913433612384501,6599,,,,,,,,,,,,,,,,,,,,,,,,
18,,,6599,,,,,,,,,,,0.8671875,0.36019062995910645,0.1328125,0.8555668592453003,0.36019062995910645,0.8639019131660461,0.8574603796005249,,,,,,,
,,0.29068969772594727,6649,,,,,,,,,,,,,,,,,,,,,,,,
18,,,6649,,,,,,,,,,,0.8515625,0.4439152479171753,0.1484375,0.8504806756973267,0.4439152479171753,0.8725483417510986,0.8460439443588257,,,,,,,
18,131072.0,,6668,,,,,,,,1185044.0,291308800.0,2272192.0,,,,,,,,0.8211137652397156,0.5368832349777222,0.17888623476028442,0.8188111186027527,0.5368832349777222,0.8377805948257446,0.8200449347496033
,,0.29001303335951395,6699,,,,,,,,,,,,,,,,,,,,,,,,
19,,,6699,,,,,,,,,,,0.859375,0.377646267414093,0.140625,0.8622184991836548,0.377646267414093,0.8700875043869019,0.8834817409515381,,,,,,,
,,0.28931347876505126,6749,,,,,,,,,,,,,,,,,,,,,,,,
19,,,6749,,,,,,,,,,,0.84375,0.4526439607143402,0.15625,0.8360193371772766,0.4526439607143402,0.8372427225112915,0.8517971038818359,,,,,,,
,,0.288591148310718,6799,,,,,,,,,,,,,,,,,,,,,,,,
19,,,6799,,,,,,,,,,,0.8515625,0.4626287519931793,0.1484375,0.8548292517662048,0.4626287519931793,0.851829469203949,0.8698834180831909,,,,,,,
,,0.2878461600882322,6849,,,,,,,,,,,,,,,,,,,,,,,,
19,,,6849,,,,,,,,,,,0.8359375,0.4935586750507355,0.1640625,0.8374083638191223,0.4935586750507355,0.8508495092391968,0.8446733355522156,,,,,,,
,,0.2870786358935651,6899,,,,,,,,,,,,,,,,,,,,,,,,
19,,,6899,,,,,,,,,,,0.875,0.3429871201515198,0.125,0.8781206607818604,0.3429871201515198,0.8865400552749634,0.884688675403595,,,,,,,
,,0.2862887012070286,6949,,,,,,,,,,,,,,,,,,,,,,,,
19,,,6949,,,,,,,,,,,0.8203125,0.6084011197090149,0.1796875,0.7981889247894287,0.6084011197090149,0.8091970086097717,0.8099993467330933,,,,,,,
,,0.28547648517276153,6999,,,,,,,,,,,,,,,,,,,,,,,,
19,,,6999,,,,,,,,,,,0.8203125,0.4569399952888489,0.1796875,0.8123205304145813,0.4569399952888489,0.8331239819526672,0.8285864591598511,,,,,,,
19,131072.0,,7019,,,,,,,,1185044.0,291308800.0,2272192.0,,,,,,,,0.7762419581413269,0.6656165719032288,0.2237580418586731,0.7728022336959839,0.6656165719032288,0.8007482290267944,0.7764791250228882
,,0.2846421205776155,7049,,,,,,,,,,,,,,,,,,,,,,,,
20,,,7049,,,,,,,,,,,0.8359375,0.4951719343662262,0.1640625,0.8364013433456421,0.4951719343662262,0.8455982804298401,0.846577525138855,,,,,,,
,,0.28378574382944655,7099,,,,,,,,,,,,,,,,,,,,,,,,
20,,,7099,,,,,,,,,,,0.8203125,0.49266770482063293,0.1796875,0.8176009654998779,0.49266770482063293,0.8336019515991211,0.8493512868881226,,,,,,,
,,0.2829074949348139,7149,,,,,,,,,,,,,,,,,,,,,,,,
20,,,7149,,,,,,,,,,,0.859375,0.40221720933914185,0.140625,0.8431220054626465,0.40221720933914185,0.8460006713867188,0.8457492589950562,,,,,,,
,,0.28200751747609076,7199,,,,,,,,,,,,,,,,,,,,,,,,
20,,,7199,,,,,,,,,,,0.8671875,0.4105819761753082,0.1328125,0.864859938621521,0.4105819761753082,0.8612664937973022,0.8719807863235474,,,,,,,
,,0.2810859585879905,7249,,,,,,,,,,,,,,,,,,,,,,,,
20,,,7249,,,,,,,,,,,0.890625,0.32851889729499817,0.109375,0.8767508268356323,0.32851889729499817,0.8782367706298828,0.886617124080658,,,,,,,
,,0.2801429689335121,7299,,,,,,,,,,,,,,,,,,,,,,,,
20,,,7299,,,,,,,,,,,0.84375,0.440563440322876,0.15625,0.8266382813453674,0.440563440322876,0.8407576084136963,0.8294520378112793,,,,,,,
,,0.27917870267930833,7349,,,,,,,,,,,,,,,,,,,,,,,,
20,,,7349,,,,,,,,,,,0.8203125,0.47697192430496216,0.1796875,0.8037109375,0.47697192430496216,0.7953302264213562,0.8273520469665527,,,,,,,
20,131072.0,,7370,,,,,,,,1185044.0,291308800.0,2272192.0,,,,,,,,0.8271234035491943,0.5208008885383606,0.17287659645080566,0.8255298137664795,0.5208008885383606,0.8329054117202759,0.8268817067146301
,,0.27819331747048204,7399,,,,,,,,,,,,,,,,,,,,,,,,
21,,,7399,,,,,,,,,,,0.8828125,0.38074570894241333,0.1171875,0.8846114873886108,0.38074570894241333,0.8894346952438354,0.8989777565002441,,,,,,,
,,0.27718697440481277,7449,,,,,,,,,,,,,,,,,,,,,,,,
21,,,7449,,,,,,,,,,,0.9296875,0.2766996920108795,0.0703125,0.932590126991272,0.2766996920108795,0.9348397254943848,0.9322802424430847,,,,,,,
,,0.2761598380064196,7499,,,,,,,,,,,,,,,,,,,,,,,,
21,,,7499,,,,,,,,,,,0.859375,0.41033944487571716,0.140625,0.8518476486206055,0.41033944487571716,0.8597742319107056,0.8547917008399963,,,,,,,
,,0.27511207619886324,7549,,,,,,,,,,,,,,,,,,,,,,,,
21,,,7549,,,,,,,,,,,0.8515625,0.42635804414749146,0.1484375,0.8493053317070007,0.42635804414749146,0.8563898801803589,0.8539984226226807,,,,,,,
,,0.2740438602776932,7599,,,,,,,,,,,,,,,,,,,,,,,,
21,,,7599,,,,,,,,,,,0.8046875,0.5082757472991943,0.1953125,0.8037101626396179,0.5082757472991943,0.8169408440589905,0.8088876605033875,,,,,,,
,,0.27295536488244276,7649,,,,,,,,,,,,,,,,,,,,,,,,
21,,,7649,,,,,,,,,,,0.8125,0.5052241086959839,0.1875,0.8194836974143982,0.5052241086959839,0.8266991376876831,0.8246697783470154,,,,,,,
,,0.2718467679680779,7699,,,,,,,,,,,,,,,,,,,,,,,,
21,,,7699,,,,,,,,,,,0.8046875,0.5022114515304565,0.1953125,0.8024671077728271,0.5022114515304565,0.8023661375045776,0.8161435723304749,,,,,,,
21,131072.0,,7721,,,,,,,,1185044.0,291308800.0,2272192.0,,,,,,,,0.8050881624221802,0.5701218843460083,0.19491183757781982,0.802691638469696,0.5701218843460083,0.8205881118774414,0.8027666211128235
,,0.2707182507759037,7749,,,,,,,,,,,,,,,,,,,,,,,,
22,,,7749,,,,,,,,,,,0.8671875,0.47738826274871826,0.1328125,0.8631535768508911,0.47738826274871826,0.8735407590866089,0.8815265893936157,,,,,,,
,,0.26956999780393404,7799,,,,,,,,,,,,,,,,,,,,,,,,
22,,,7799,,,,,,,,,,,0.7890625,0.47200489044189453,0.2109375,0.7782691717147827,0.47200489044189453,0.8252775073051453,0.8160728216171265,,,,,,,
,,0.2684021967767283,7849,,,,,,,,,,,,,,,,,,,,,,,,
22,,,7849,,,,,,,,,,,0.8671875,0.3731589913368225,0.1328125,0.8685599565505981,0.3731589913368225,0.8660056591033936,0.8842064142227173,,,,,,,
,,0.26721503861470086,7899,,,,,,,,,,,,,,,,,,,,,,,,
22,,,7899,,,,,,,,,,,0.828125,0.44498276710510254,0.171875,0.8193470239639282,0.44498276710510254,0.8327192664146423,0.8279032111167908,,,,,,,
,,0.2660087174029083,7949,,,,,,,,,,,,,,,,,,,,,,,,
22,,,7949,,,,,,,,,,,0.8515625,0.4591866135597229,0.1484375,0.8478467464447021,0.4591866135597229,0.8510044813156128,0.8634512424468994,,,,,,,
,,0.2647834303593187,7999,,,,,,,,,,,,,,,,,,,,,,,,
22,,,7999,,,,,,,,,,,0.8515625,0.3866090774536133,0.1484375,0.8598653078079224,0.3866090774536133,0.8637915253639221,0.8650898933410645,,,,,,,
,,0.2635393778025692,8049,,,,,,,,,,,,,,,,,,,,,,,,
22,,,8049,,,,,,,,,,,0.828125,0.4564734399318695,0.171875,0.8093612194061279,0.4564734399318695,0.8210735321044922,0.8233469128608704,,,,,,,
22,131072.0,,8072,,,,,,,,1185044.0,291308800.0,2272192.0,,,,,,,,0.7752403616905212,0.6482511758804321,0.22475963830947876,0.7822538614273071,0.6482511758804321,0.8349790573120117,0.7739217877388
,,0.26227676311921627,8099,,,,,,,,,,,,,,,,,,,,,,,,
23,,,8099,,,,,,,,,,,0.9140625,0.32973378896713257,0.0859375,0.9153128266334534,0.32973378896713257,0.9167149066925049,0.9192308187484741,,,,,,,
,,0.260995792730485,8149,,,,,,,,,,,,,,,,,,,,,,,,
23,,,8149,,,,,,,,,,,0.7734375,0.575964093208313,0.2265625,0.7875032424926758,0.575964093208313,0.7939926385879517,0.7958471775054932,,,,,,,
,,0.2596966760585218,8199,,,,,,,,,,,,,,,,,,,,,,,,
23,,,8199,,,,,,,,,,,0.84375,0.43621325492858887,0.15625,0.8290720582008362,0.43621325492858887,0.8585329055786133,0.8511006832122803,,,,,,,
,,0.25837962549215615,8249,,,,,,,,,,,,,,,,,,,,,,,,
23,,,8249,,,,,,,,,,,0.84375,0.4199492931365967,0.15625,0.8442609906196594,0.4199492931365967,0.8559225797653198,0.8415406346321106,,,,,,,
,,0.25704485635217833,8299,,,,,,,,,,,,,,,,,,,,,,,,
23,,,8299,,,,,,,,,,,0.828125,0.4781615138053894,0.171875,0.8236293196678162,0.4781615138053894,0.8382459878921509,0.8406691551208496,,,,,,,
,,0.2556925868561369,8349,,,,,,,,,,,,,,,,,,,,,,,,
23,,,8349,,,,,,,,,,,0.828125,0.4844389259815216,0.171875,0.8228793144226074,0.4844389259815216,0.8325771689414978,0.8253455758094788,,,,,,,
,,0.2543230380826631,8399,,,,,,,,,,,,,,,,,,,,,,,,
23,,,8399,,,,,,,,,,,0.8671875,0.4633506238460541,0.1328125,0.8630262613296509,0.4633506238460541,0.865386962890625,0.8784265518188477,,,,,,,
23,131072.0,,8423,,,,,,,,1185044.0,291308800.0,2272192.0,,,,,,,,0.7397836446762085,0.8045177459716797,0.2602163553237915,0.7371234893798828,0.8045177459716797,0.7863262891769409,0.7365180253982544
,,0.25293643393532733,8449,,,,,,,,,,,,,,,,,,,,,,,,
24,,,8449,,,,,,,,,,,0.9296875,0.2139127403497696,0.0703125,0.9264450073242188,0.2139127403497696,0.9265428185462952,0.9319643378257751,,,,,,,
,,0.2515330011060336,8499,,,,,,,,,,,,,,,,,,,,,,,,
24,,,8499,,,,,,,,,,,0.8203125,0.4268912076950073,0.1796875,0.8241559863090515,0.4268912076950073,0.8352502584457397,0.8250313997268677,,,,,,,
,,0.2501129690379587,8549,,,,,,,,,,,,,,,,,,,,,,,,
24,,,8549,,,,,,,,,,,0.8671875,0.37883827090263367,0.1328125,0.8697514533996582,0.37883827090263367,0.8766196966171265,0.8688257336616516,,,,,,,
,,0.24867656988804085,8599,,,,,,,,,,,,,,,,,,,,,,,,
24,,,8599,,,,,,,,,,,0.875,0.43409284949302673,0.125,0.8770003318786621,0.43409284949302673,0.8913975358009338,0.8814988136291504,,,,,,,
,,0.24722403848902522,8649,,,,,,,,,,,,,,,,,,,,,,,,
24,,,8649,,,,,,,,,,,0.875,0.3613508343696594,0.125,0.8722649216651917,0.3613508343696594,0.8838545083999634,0.8705161809921265,,,,,,,
,,0.2457556123110717,8699,,,,,,,,,,,,,,,,,,,,,,,,
24,,,8699,,,,,,,,,,,0.8984375,0.324385404586792,0.1015625,0.8957352638244629,0.324385404586792,0.8918008804321289,0.905665397644043,,,,,,,
,,0.24427153142293176,8749,,,,,,,,,,,,,,,,,,,,,,,,
24,,,8749,,,,,,,,,,,0.8046875,0.5130544900894165,0.1953125,0.7989251017570496,0.5130544900894165,0.8016232848167419,0.8108442425727844,,,,,,,
24,131072.0,,8774,,,,,,,,1185044.0,291308800.0,2272192.0,,,,,,,,0.7179487347602844,0.8714149594306946,0.2820512652397156,0.7267006635665894,0.8714149594306946,0.7912151217460632,0.7201417684555054
,,0.2427720384527001,8799,,,,,,,,,,,,,,,,,,,,,,,,
25,,,8799,,,,,,,,,,,0.8203125,0.5332330465316772,0.1796875,0.8193855285644531,0.5332330465316772,0.8298970460891724,0.8391958475112915,,,,,,,
,,0.24125737854814816,8849,,,,,,,,,,,,,,,,,,,,,,,,
25,,,8849,,,,,,,,,,,0.8515625,0.4583037793636322,0.1484375,0.8483588695526123,0.4583037793636322,0.858007550239563,0.8580659627914429,,,,,,,
,,0.2397277993366457,8899,,,,,,,,,,,,,,,,,,,,,,,,
25,,,8899,,,,,,,,,,,0.890625,0.3007485568523407,0.109375,0.8914667963981628,0.3007485568523407,0.8923737406730652,0.9019056558609009,,,,,,,
,,0.23818355088467688,8949,,,,,,,,,,,,,,,,,,,,,,,,
25,,,8949,,,,,,,,,,,0.8671875,0.45318603515625,0.1328125,0.8517610430717468,0.45318603515625,0.8483712673187256,0.8617273569107056,,,,,,,
,,0.23662488565695738,8999,,,,,,,,,,,,,,,,,,,,,,,,
25,,,8999,,,,,,,,,,,0.859375,0.48808553814888,0.140625,0.8438431024551392,0.48808553814888,0.8448901176452637,0.8643361330032349,,,,,,,
,,0.2350520584751601,9049,,,,,,,,,,,,,,,,,,,,,,,,
25,,,9049,,,,,,,,,,,0.8359375,0.4233427345752716,0.1640625,0.8329290747642517,0.4233427345752716,0.8424399495124817,0.852142870426178,,,,,,,
,,0.23346532647625484,9099,,,,,,,,,,,,,,,,,,,,,,,,
25,,,9099,,,,,,,,,,,0.8671875,0.42665809392929077,0.1328125,0.8550495505332947,0.42665809392929077,0.8527976274490356,0.8702491521835327,,,,,,,
25,131072.0,,9125,,,,,,,,1185044.0,291308800.0,2272192.0,,,,,,,,0.7666265964508057,0.7151769995689392,0.23337340354919434,0.7631799578666687,0.7151769995689392,0.7999398112297058,0.7646013498306274
,,0.2318649490704696,9149,,,,,,,,,,,,,,,,,,,,,,,,
26,,,9149,,,,,,,,,,,0.84375,0.4032110571861267,0.15625,0.838076114654541,0.4032110571861267,0.850989043712616,0.8484839797019958,,,,,,,
,,0.2302511878988807,9199,,,,,,,,,,,,,,,,,,,,,,,,
26,,,9199,,,,,,,,,,,0.8828125,0.3294909596443176,0.1171875,0.8842224478721619,0.3294909596443176,0.8899616599082947,0.8907737731933594,,,,,,,
,,0.22862430679063747,9249,,,,,,,,,,,,,,,,,,,,,,,,
26,,,9249,,,,,,,,,,,0.84375,0.44136685132980347,0.15625,0.844633936882019,0.44136685132980347,0.8626827001571655,0.8579056859016418,,,,,,,
,,0.22698457171983003,9299,,,,,,,,,,,,,,,,,,,,,,,,
26,,,9299,,,,,,,,,,,0.8125,0.5397141575813293,0.1875,0.8202881813049316,0.5397141575813293,0.8211075067520142,0.8302305340766907,,,,,,,
,,0.2253322507620054,9349,,,,,,,,,,,,,,,,,,,,,,,,
26,,,9349,,,,,,,,,,,0.859375,0.38841307163238525,0.140625,0.8530881404876709,0.38841307163238525,0.8522567749023438,0.8631340861320496,,,,,,,
,,0.22366761405034094,9399,,,,,,,,,,,,,,,,,,,,,,,,
26,,,9399,,,,,,,,,,,0.8828125,0.3899311423301697,0.1171875,0.8818509578704834,0.3899311423301697,0.8867744207382202,0.889491081237793,,,,,,,
,,0.2219909337314812,9449,,,,,,,,,,,,,,,,,,,,,,,,
26,,,9449,,,,,,,,,,,0.8671875,0.47717106342315674,0.1328125,0.8686841130256653,0.47717106342315674,0.8648549318313599,0.8777931928634644,,,,,,,
26,131072.0,,9476,,,,,,,,1185044.0,291308800.0,2272192.0,,,,,,,,0.7265625,0.831989586353302,0.2734375,0.7208528518676758,0.831989586353302,0.7840790748596191,0.7257547378540039
,,0.22030248392104504,9499,,,,,,,,,,,,,,,,,,,,,,,,
27,,,9499,,,,,,,,,,,0.8671875,0.40752747654914856,0.1328125,0.874481737613678,0.40752747654914856,0.871239185333252,0.8863397836685181,,,,,,,
,,0.21860254065881163,9549,,,,,,,,,,,,,,,,,,,,,,,,
27,,,9549,,,,,,,,,,,0.828125,0.45952191948890686,0.171875,0.8348893523216248,0.45952191948890686,0.8643784523010254,0.8360527753829956,,,,,,,
,,0.21689138186359128,9599,,,,,,,,,,,,,,,,,,,,,,,,
27,,,9599,,,,,,,,,,,0.8671875,0.4291240870952606,0.1328125,0.8746561408042908,0.4291240870952606,0.8728224635124207,0.8880723714828491,,,,,,,
,,0.21516928728778933,9649,,,,,,,,,,,,,,,,,,,,,,,,
27,,,9649,,,,,,,,,,,0.859375,0.48474621772766113,0.140625,0.8480442762374878,0.48474621772766113,0.8571494221687317,0.8494871854782104,,,,,,,
,,0.21343653847167035,9699,,,,,,,,,,,,,,,,,,,,,,,,
27,,,9699,,,,,,,,,,,0.890625,0.3689899444580078,0.109375,0.8777663707733154,0.3689899444580078,0.8786649107933044,0.8913657665252686,,,,,,,
,,0.2116934186973299,9749,,,,,,,,,,,,,,,,,,,,,,,,
27,,,9749,,,,,,,,,,,0.859375,0.4359259605407715,0.140625,0.8428391218185425,0.4359259605407715,0.8608231544494629,0.8594991564750671,,,,,,,
,,0.20994021294238138,9799,,,,,,,,,,,,,,,,,,,,,,,,
27,,,9799,,,,,,,,,,,0.8671875,0.3699187636375427,0.1328125,0.8691422939300537,0.3699187636375427,0.8915899991989136,0.8734278678894043,,,,,,,
27,131072.0,,9827,,,,,,,,1185044.0,291308800.0,2272192.0,,,,,,,,0.7902644276618958,0.6608972549438477,0.20973557233810425,0.7872836589813232,0.6608972549438477,0.8155514597892761,0.7907220125198364
,,0.2081772078333661,9849,,,,,,,,,,,,,,,,,,,,,,,,
28,,,9849,,,,,,,,,,,0.8671875,0.3942689299583435,0.1328125,0.8623229265213013,0.3942689299583435,0.863344132900238,0.8641444444656372,,,,,,,
,,0.20640469159889346,9899,,,,,,,,,,,,,,,,,,,,,,,,
28,,,9899,,,,,,,,,,,0.875,0.39195796847343445,0.125,0.8779140114784241,0.39195796847343445,0.8872275948524475,0.8808366656303406,,,,,,,
,,0.2046229540225193,9949,,,,,,,,,,,,,,,,,,,,,,,,
28,,,9949,,,,,,,,,,,0.84375,0.4901552200317383,0.15625,0.8329428434371948,0.4901552200317383,0.8371481895446777,0.8561120629310608,,,,,,,
,,0.20283228639536982,9999,,,,,,,,,,,,,,,,,,,,,,,,
28,,,9999,,,,,,,,,,,0.8359375,0.4618784189224243,0.1640625,0.8359977602958679,0.4618784189224243,0.841853141784668,0.8433358669281006,,,,,,,
,,0.20103298146851958,10049,,,,,,,,,,,,,,,,,,,,,,,,
28,,,10049,,,,,,,,,,,0.8671875,0.42049840092658997,0.1328125,0.8627272248268127,0.42049840092658997,0.8720960021018982,0.8655191659927368,,,,,,,
,,0.1992253334051303,10099,,,,,,,,,,,,,,,,,,,,,,,,
28,,,10099,,,,,,,,,,,0.859375,0.4343860149383545,0.140625,0.8534775972366333,0.4343860149383545,0.8564835786819458,0.8636928200721741,,,,,,,
,,0.19740963773235878,10149,,,,,,,,,,,,,,,,,,,,,,,,
28,,,10149,,,,,,,,,,,0.8203125,0.4547837972640991,0.1796875,0.8223522901535034,0.4547837972640991,0.8299450874328613,0.824798583984375,,,,,,,
28,131072.0,,10178,,,,,,,,1185044.0,291308800.0,2272192.0,,,,,,,,0.7487980723381042,0.7872821092605591,0.25120192766189575,0.7512699365615845,0.7872821092605591,0.8057516813278198,0.7509467601776123
,,0.1955861912930425,10199,,,,,,,,,,,,,,,,,,,,,,,,
29,,,10199,,,,,,,,,,,0.8671875,0.3505737781524658,0.1328125,0.8687338829040527,0.3505737781524658,0.8725730180740356,0.8728766441345215,,,,,,,
,,0.19375529219716914,10249,,,,,,,,,,,,,,,,,,,,,,,,
29,,,10249,,,,,,,,,,,0.84375,0.4305976629257202,0.15625,0.8357207179069519,0.4305976629257202,0.8377934098243713,0.8426821231842041,,,,,,,
,,0.19191723977313985,10299,,,,,,,,,,,,,,,,,,,,,,,,
29,,,10299,,,,,,,,,,,0.859375,0.38988766074180603,0.140625,0.8641057014465332,0.38988766074180603,0.8707244992256165,0.8751857876777649,,,,,,,
,,0.1900723345188325,10349,,,,,,,,,,,,,,,,,,,,,,,,
29,,,10349,,,,,,,,,,,0.8125,0.4769417643547058,0.1875,0.8063609600067139,0.4769417643547058,0.8413528203964233,0.7971001863479614,,,,,,,
,,0.18822087805247448,10399,,,,,,,,,,,,,,,,,,,,,,,,
29,,,10399,,,,,,,,,,,0.9140625,0.2280644029378891,0.0859375,0.9120417833328247,0.2280644029378891,0.9132784008979797,0.9152894020080566,,,,,,,
,,0.18636317306333197,10449,,,,,,,,,,,,,,,,,,,,,,,,
29,,,10449,,,,,,,,,,,0.8828125,0.3742205798625946,0.1171875,0.8779550194740295,0.3742205798625946,0.8815984725952148,0.8789606690406799,,,,,,,
,,0.184499523262224,10499,,,,,,,,,,,,,,,,,,,,,,,,
29,,,10499,,,,,,,,,,,0.84375,0.468270480632782,0.15625,0.8484692573547363,0.468270480632782,0.8551185131072998,0.8554774522781372,,,,,,,
29,131072.0,,10529,,,,,,,,1185044.0,291308800.0,2272192.0,,,,,,,,0.7684294581413269,0.6761642098426819,0.2315705418586731,0.771660327911377,0.6761642098426819,0.8216989040374756,0.7675976753234863
,,0.18263023333186973,10549,,,,,,,,,,,,,,,,,,,,,,,,
30,,,10549,,,,,,,,,,,0.8984375,0.34419554471969604,0.1015625,0.8938509821891785,0.34419554471969604,0.8958104848861694,0.8993712067604065,,,,,,,
,,0.18075560887707678,10599,,,,,,,,,,,,,,,,,,,,,,,,
30,,,10599,,,,,,,,,,,0.8359375,0.4381890296936035,0.1640625,0.8293184041976929,0.4381890296936035,0.8302961587905884,0.8348809480667114,,,,,,,
,,0.17887595637477874,10649,,,,,,,,,,,,,,,,,,,,,,,,
30,,,10649,,,,,,,,,,,0.8828125,0.3448117673397064,0.1171875,0.8859572410583496,0.3448117673397064,0.8979114294052124,0.8833116888999939,,,,,,,
,,0.1769915831239301,10699,,,,,,,,,,,,,,,,,,,,,,,,
30,,,10699,,,,,,,,,,,0.859375,0.36221224069595337,0.140625,0.8583071827888489,0.36221224069595337,0.8714015483856201,0.8707252740859985,,,,,,,
,,0.17510279719526695,10749,,,,,,,,,,,,,,,,,,,,,,,,
30,,,10749,,,,,,,,,,,0.875,0.3182697296142578,0.125,0.8679658770561218,0.3182697296142578,0.8724590539932251,0.8730418086051941,,,,,,,
,,0.1732099073809413,10799,,,,,,,,,,,,,,,,,,,,,,,,
30,,,10799,,,,,,,,,,,0.8515625,0.4032740294933319,0.1484375,0.8469313383102417,0.4032740294933319,0.8522240519523621,0.8525462746620178,,,,,,,
,,0.17131322314403763,10849,,,,,,,,,,,,,,,,,,,,,,,,
30,,,10849,,,,,,,,,,,0.875,0.3863583505153656,0.125,0.8576837778091431,0.3863583505153656,0.8494276404380798,0.8870832920074463,,,,,,,
30,131072.0,,10880,,,,,,,,1185044.0,291308800.0,2272192.0,,,,,,,,0.7652243375778198,0.7503504157066345,0.23477566242218018,0.757980227470398,0.7503504157066345,0.7933998107910156,0.7628525495529175
,,0.16941305456797942,10899,,,,,,,,,,,,,,,,,,,,,,,,
31,,,10899,,,,,,,,,,,0.8671875,0.35552388429641724,0.1328125,0.869587779045105,0.35552388429641724,0.8918253779411316,0.8712795376777649,,,,,,,
,,0.16750971230583495,10949,,,,,,,,,,,,,,,,,,,,,,,,
31,,,10949,,,,,,,,,,,0.8359375,0.4447021484375,0.1640625,0.8406310081481934,0.4447021484375,0.8420403599739075,0.8560892939567566,,,,,,,
,,0.16560350752952896,10999,,,,,,,,,,,,,,,,,,,,,,,,
31,,,10999,,,,,,,,,,,0.8984375,0.33912405371665955,0.1015625,0.8872286081314087,0.33912405371665955,0.890124499797821,0.8916666507720947,,,,,,,
,,0.16369475187897065,11049,,,,,,,,,,,,,,,,,,,,,,,,
31,,,11049,,,,,,,,,,,0.8828125,0.3743506968021393,0.1171875,0.8688847422599792,0.3743506968021393,0.8975198268890381,0.8730324506759644,,,,,,,
,,0.161783757411104,11099,,,,,,,,,,,,,,,,,,,,,,,,
31,,,11099,,,,,,,,,,,0.875,0.39490753412246704,0.125,0.874192476272583,0.39490753412246704,0.8786175847053528,0.8935406804084778,,,,,,,
,,0.1598708365488911,11149,,,,,,,,,,,,,,,,,,,,,,,,
31,,,11149,,,,,,,,,,,0.8828125,0.316018283367157,0.1171875,0.8869637250900269,0.316018283367157,0.9052655100822449,0.8799912929534912,,,,,,,
,,0.15795630203023428,11199,,,,,,,,,,,,,,,,,,,,,,,,
31,,,11199,,,,,,,,,,,0.8828125,0.3472415804862976,0.1171875,0.8914758563041687,0.3472415804862976,0.8980342149734497,0.8928011059761047,,,,,,,
31,131072.0,,11231,,,,,,,,1185044.0,291308800.0,2272192.0,,,,,,,,0.8475561141967773,0.4651137590408325,0.15244388580322266,0.8456424474716187,0.4651137590408325,0.8529466390609741,0.8465262651443481
,,0.15604046685684822,11249,,,,,,,,,,,,,,,,,,,,,,,,
32,,,11249,,,,,,,,,,,0.90625,0.3563769459724426,0.09375,0.9037421941757202,0.3563769459724426,0.9042677283287048,0.9109722375869751,,,,,,,
,,0.15412364424308778,11299,,,,,,,,,,,,,,,,,,,,,,,,
32,,,11299,,,,,,,,,,,0.8671875,0.39560380578041077,0.1328125,0.8526940941810608,0.39560380578041077,0.8652583360671997,0.8505920171737671,,,,,,,
,,0.1522061475647415,11349,,,,,,,,,,,,,,,,,,,,,,,,
32,,,11349,,,,,,,,,,,0.9453125,0.2188480794429779,0.0546875,0.9331010580062866,0.2188480794429779,0.9391711354255676,0.9293939471244812,,,,,,,
,,0.15028829030779894,11399,,,,,,,,,,,,,,,,,,,,,,,,
32,,,11399,,,,,,,,,,,0.890625,0.29877400398254395,0.109375,0.8939459323883057,0.29877400398254395,0.9032106399536133,0.899380087852478,,,,,,,
,,0.14837038601719948,11449,,,,,,,,,,,,,,,,,,,,,,,,
32,,,11449,,,,,,,,,,,0.8515625,0.43013545870780945,0.1484375,0.8603100776672363,0.43013545870780945,0.8694683313369751,0.8606722354888916,,,,,,,
,,0.146452748245572,11499,,,,,,,,,,,,,,,,,,,,,,,,
32,,,11499,,,,,,,,,,,0.859375,0.44110047817230225,0.140625,0.8530679941177368,0.44110047817230225,0.8699108362197876,0.864990234375,,,,,,,
,,0.14453569050197296,11549,,,,,,,,,,,,,,,,,,,,,,,,
32,,,11549,,,,,,,,,,,0.8671875,0.4588354527950287,0.1328125,0.8603684902191162,0.4588354527950287,0.8609488010406494,0.8763513565063477,,,,,,,
32,131072.0,,11582,,,,,,,,1185044.0,291308800.0,2272192.0,,,,,,,,0.7722355723381042,0.6977791786193848,0.22776442766189575,0.7644139528274536,0.6977791786193848,0.8107951879501343,0.7681678533554077
,,0.1426195262006316,11599,,,,,,,,,,,,,,,,,,,,,,,,
33,,,11599,,,,,,,,,,,0.8515625,0.38561567664146423,0.1484375,0.8536138534545898,0.38561567664146423,0.8584719300270081,0.8577360510826111,,,,,,,
,,0.14070456860971098,11649,,,,,,,,,,,,,,,,,,,,,,,,
33,,,11649,,,,,,,,,,,0.90625,0.29720747470855713,0.09375,0.9111366271972656,0.29720747470855713,0.9073610901832581,0.9216585159301758,,,,,,,
,,0.13879113080009253,11699,,,,,,,,,,,,,,,,,,,,,,,,
33,,,11699,,,,,,,,,,,0.9140625,0.2633858919143677,0.0859375,0.915007472038269,0.2633858919143677,0.9213837385177612,0.9159623384475708,,,,,,,
,,0.13687952559419303,11749,,,,,,,,,,,,,,,,,,,,,,,,
33,,,11749,,,,,,,,,,,0.921875,0.25568610429763794,0.078125,0.9213044047355652,0.25568610429763794,0.9210131168365479,0.9306253790855408,,,,,,,
,,0.13497006551482213,11799,,,,,,,,,,,,,,,,,,,,,,,,
33,,,11799,,,,,,,,,,,0.828125,0.405553936958313,0.171875,0.8252412676811218,0.405553936958313,0.8301427960395813,0.8294826149940491,,,,,,,
,,0.13306306273408905,11849,,,,,,,,,,,,,,,,,,,,,,,,
33,,,11849,,,,,,,,,,,0.890625,0.2880140542984009,0.109375,0.8797545433044434,0.2880140542984009,0.8804378509521484,0.8836197257041931,,,,,,,
,,0.13115882902236622,11899,,,,,,,,,,,,,,,,,,,,,,,,
33,,,11899,,,,,,,,,,,0.8984375,0.2873399257659912,0.1015625,0.8803307414054871,0.2873399257659912,0.8843464255332947,0.8911630511283875,,,,,,,
33,131072.0,,11933,,,,,,,,1185044.0,291308800.0,2272192.0,,,,,,,,0.8375400900840759,0.4946964383125305,0.16245990991592407,0.834983766078949,0.4946964383125305,0.8425402045249939,0.8358494639396667
,,0.12925767569731916,11949,,,,,,,,,,,,,,,,,,,,,,,,
34,,,11949,,,,,,,,,,,0.921875,0.32699981331825256,0.078125,0.9216378331184387,0.32699981331825256,0.9235897660255432,0.9243907332420349,,,,,,,
,,0.1273599135730096,11999,,,,,,,,,,,,,,,,,,,,,,,,
34,,,11999,,,,,,,,,,,0.9375,0.2105025351047516,0.0625,0.9389474391937256,0.2105025351047516,0.940799355506897,0.9416444301605225,,,,,,,
,,0.12546585290908202,12049,,,,,,,,,,,,,,,,,,,,,,,,
34,,,12049,,,,,,,,,,,0.90625,0.3370424807071686,0.09375,0.9037516117095947,0.3370424807071686,0.9080753326416016,0.905278742313385,,,,,,,
,,0.12357580336003954,12099,,,,,,,,,,,,,,,,,,,,,,,,
34,,,12099,,,,,,,,,,,0.9140625,0.24387148022651672,0.0859375,0.9180470108985901,0.24387148022651672,0.9190267324447632,0.9223016500473022,,,,,,,
,,0.1216900739246198,12149,,,,,,,,,,,,,,,,,,,,,,,,
34,,,12149,,,,,,,,,,,0.8671875,0.34976935386657715,0.1328125,0.867367148399353,0.34976935386657715,0.8764404058456421,0.888130247592926,,,,,,,
,,0.11980897289527763,12199,,,,,,,,,,,,,,,,,,,,,,,,
34,,,12199,,,,,,,,,,,0.8828125,0.4460051655769348,0.1171875,0.8803610801696777,0.4460051655769348,0.8842979669570923,0.8867226839065552,,,,,,,
,,0.11793280780778302,12249,,,,,,,,,,,,,,,,,,,,,,,,
34,,,12249,,,,,,,,,,,0.859375,0.3061692416667938,0.140625,0.8505374789237976,0.3061692416667938,0.8533557057380676,0.8574827909469604,,,,,,,
34,131072.0,,12284,,,,,,,,1185044.0,291308800.0,2272192.0,,,,,,,,0.8417468070983887,0.4596089720726013,0.15825319290161133,0.8437045216560364,0.4596089720726013,0.8554161787033081,0.8417946100234985
,,0.11606188539094317,12299,,,,,,,,,,,,,,,,,,,,,,,,
35,,,12299,,,,,,,,,,,0.859375,0.39267733693122864,0.140625,0.8299440145492554,0.39267733693122864,0.830561637878418,0.860281765460968,,,,,,,
,,0.11419651151645616,12349,,,,,,,,,,,,,,,,,,,,,,,,
35,,,12349,,,,,,,,,,,0.8515625,0.41331571340560913,0.1484375,0.8389532566070557,0.41331571340560913,0.855259358882904,0.87249356508255,,,,,,,
,,0.11233699114890494,12399,,,,,,,,,,,,,,,,,,,,,,,,
35,,,12399,,,,,,,,,,,0.9453125,0.24194341897964478,0.0546875,0.9446878433227539,0.24194341897964478,0.9483973979949951,0.945555567741394,,,,,,,
,,0.11048362829589953,12449,,,,,,,,,,,,,,,,,,,,,,,,
35,,,12449,,,,,,,,,,,0.890625,0.3267887830734253,0.109375,0.8701192140579224,0.3267887830734253,0.8750324845314026,0.8736400008201599,,,,,,,
,,0.10863672595837573,12499,,,,,,,,,,,,,,,,,,,,,,,,
35,,,12499,,,,,,,,,,,0.8515625,0.40995848178863525,0.1484375,0.8340054154396057,0.40995848178863525,0.8439682722091675,0.8370562791824341,,,,,,,
,,0.10679658608105821,12549,,,,,,,,,,,,,,,,,,,,,,,,
35,,,12549,,,,,,,,,,,0.890625,0.34235867857933044,0.109375,0.8871151208877563,0.34235867857933044,0.8813408613204956,0.9044444561004639,,,,,,,
,,0.10496350950309676,12599,,,,,,,,,,,,,,,,,,,,,,,,
35,,,12599,,,,,,,,,,,0.84375,0.4314916729927063,0.15625,0.8434550762176514,0.4314916729927063,0.8449114561080933,0.8471509218215942,,,,,,,
35,131072.0,,12635,,,,,,,,1185044.0,291308800.0,2272192.0,,,,,,,,0.8064903616905212,0.5950944423675537,0.19350963830947876,0.8055802583694458,0.5950944423675537,0.8314514756202698,0.8057153224945068
,,0.10313779590888254,12649,,,,,,,,,,,,,,,,,,,,,,,,
36,,,12649,,,,,,,,,,,0.9140625,0.26812267303466797,0.0859375,0.9092780351638794,0.26812267303466797,0.9211074113845825,0.9162343144416809,,,,,,,
,,0.10131974377905409,12699,,,,,,,,,,,,,,,,,,,,,,,,
36,,,12699,,,,,,,,,,,0.84375,0.40406906604766846,0.15625,0.8413210511207581,0.40406906604766846,0.8482410311698914,0.8472568988800049,,,,,,,
,,0.09950965034169897,12749,,,,,,,,,,,,,,,,,,,,,,,,
36,,,12749,,,,,,,,,,,0.8984375,0.3564183712005615,0.1015625,0.902694582939148,0.3564183712005615,0.9039473533630371,0.9046688675880432,,,,,,,
,,0.09770781152376122,12799,,,,,,,,,,,,,,,,,,,,,,,,
36,,,12799,,,,,,,,,,,0.90625,0.2891186475753784,0.09375,0.9048686027526855,0.2891186475753784,0.9042968153953552,0.9178037643432617,,,,,,,
,,0.09591452190266117,12849,,,,,,,,,,,,,,,,,,,,,,,,
36,,,12849,,,,,,,,,,,0.875,0.33232298493385315,0.125,0.8766753077507019,0.33232298493385315,0.8759913444519043,0.8839707374572754,,,,,,,
,,0.09413007465813542,12899,,,,,,,,,,,,,,,,,,,,,,,,
36,,,12899,,,,,,,,,,,0.8515625,0.4267858862876892,0.1484375,0.8457953333854675,0.4267858862876892,0.8447044491767883,0.8616135716438293,,,,,,,
,,0.09235476152430615,12949,,,,,,,,,,,,,,,,,,,,,,,,
36,,,12949,,,,,,,,,,,0.8828125,0.3236936032772064,0.1171875,0.8747569918632507,0.3236936032772064,0.8886868357658386,0.8734710216522217,,,,,,,
36,131072.0,,12986,,,,,,,,1185044.0,291308800.0,2272192.0,,,,,,,,0.8699919581413269,0.3993641436100006,0.1300080418586731,0.8694218397140503,0.3993641436100006,0.8772130012512207,0.8691247701644897
,,0.09058887274198611,12999,,,,,,,,,,,,,,,,,,,,,,,,
37,,,12999,,,,,,,,,,,0.90625,0.3099624812602997,0.09375,0.8980286121368408,0.3099624812602997,0.904437243938446,0.9113150835037231,,,,,,,
,,0.08883269701122815,13049,,,,,,,,,,,,,,,,,,,,,,,,
37,,,13049,,,,,,,,,,,0.9140625,0.2599608600139618,0.0859375,0.905427098274231,0.2599608600139618,0.9157467484474182,0.9099404811859131,,,,,,,
,,0.08708652144412622,13099,,,,,,,,,,,,,,,,,,,,,,,,
37,,,13099,,,,,,,,,,,0.890625,0.24752642214298248,0.109375,0.8833808302879333,0.24752642214298248,0.8952746987342834,0.88924241065979,,,,,,,
,,0.08535063151787665,13149,,,,,,,,,,,,,,,,,,,,,,,,
37,,,13149,,,,,,,,,,,0.90625,0.2947545647621155,0.09375,0.9033424854278564,0.2947545647621155,0.9048247337341309,0.9064913988113403,,,,,,,
,,0.0836253110281059,13199,,,,,,,,,,,,,,,,,,,,,,,,
37,,,13199,,,,,,,,,,,0.96875,0.17153510451316833,0.03125,0.9742356538772583,0.17153510451316833,0.9794737100601196,0.9715685844421387,,,,,,,
,,0.08191084204247384,13249,,,,,,,,,,,,,,,,,,,,,,,,
37,,,13249,,,,,,,,,,,0.890625,0.30331605672836304,0.109375,0.8882808089256287,0.30331605672836304,0.895583987236023,0.8870239853858948,,,,,,,
,,0.08020750485455931,13299,,,,,,,,,,,,,,,,,,,,,,,,
37,,,13299,,,,,,,,,,,0.921875,0.264766663312912,0.078125,0.9220757484436035,0.264766663312912,0.9230030179023743,0.9229297041893005,,,,,,,
37,131072.0,,13337,,,,,,,,1185044.0,291308800.0,2272192.0,,,,,,,,0.8683894276618958,0.38306179642677307,0.13161057233810425,0.8681582808494568,0.38306179642677307,0.8708212375640869,0.8677096962928772
,,0.07851557793803583,13349,,,,,,,,,,,,,,,,,,,,,,,,
38,,,13349,,,,,,,,,,,0.9296875,0.2424878031015396,0.0703125,0.925351083278656,0.2424878031015396,0.9238762855529785,0.9318324327468872,,,,,,,
,,0.07683533790114447,13399,,,,,,,,,,,,,,,,,,,,,,,,
38,,,13399,,,,,,,,,,,0.9140625,0.2362426221370697,0.0859375,0.9125844240188599,0.2362426221370697,0.9149523377418518,0.9184315204620361,,,,,,,
,,0.07516705944147221,13449,,,,,,,,,,,,,,,,,,,,,,,,
38,,,13449,,,,,,,,,,,0.921875,0.20828554034233093,0.078125,0.9079657793045044,0.20828554034233093,0.9110043048858643,0.9169397354125977,,,,,,,
,,0.0735110153010423,13499,,,,,,,,,,,,,,,,,,,,,,,,
38,,,13499,,,,,,,,,,,0.8515625,0.37605148553848267,0.1484375,0.8661091327667236,0.37605148553848267,0.8699655532836914,0.8878175020217896,,,,,,,
,,0.07186747622172446,13549,,,,,,,,,,,,,,,,,,,,,,,,
38,,,13549,,,,,,,,,,,0.859375,0.3220800459384918,0.140625,0.8557879328727722,0.3220800459384918,0.8623809218406677,0.8641970157623291,,,,,,,
,,0.07023671090097236,13599,,,,,,,,,,,,,,,,,,,,,,,,
38,,,13599,,,,,,,,,,,0.9453125,0.19907939434051514,0.0546875,0.9392521977424622,0.19907939434051514,0.9380941390991211,0.9429166913032532,,,,,,,
,,0.06861898594789442,13649,,,,,,,,,,,,,,,,,,,,,,,,
38,,,13649,,,,,,,,,,,0.9140625,0.2758919894695282,0.0859375,0.9108644723892212,0.2758919894695282,0.9102543592453003,0.916820764541626,,,,,,,
38,131072.0,,13688,,,,,,,,1185044.0,291308800.0,2272192.0,,,,,,,,0.8786057829856873,0.36519235372543335,0.12139421701431274,0.8768935799598694,0.36519235372543335,0.8783381581306458,0.877687394618988
,,0.06701456583966739,13699,,,,,,,,,,,,,,,,,,,,,,,,
39,,,13699,,,,,,,,,,,0.9453125,0.20432043075561523,0.0546875,0.9400972127914429,0.20432043075561523,0.9398106336593628,0.9452503323554993,,,,,,,
,,0.06542371287829721,13749,,,,,,,,,,,,,,,,,,,,,,,,
39,,,13749,,,,,,,,,,,0.90625,0.2542979121208191,0.09375,0.8919695615768433,0.2542979121208191,0.8909090757369995,0.9130196571350098,,,,,,,
,,0.0638466871477362,13799,,,,,,,,,,,,,,,,,,,,,,,,
39,,,13799,,,,,,,,,,,0.9140625,0.23121905326843262,0.0859375,0.9232749342918396,0.23121905326843262,0.9224708080291748,0.9280219674110413,,,,,,,
,,0.062283746471362686,13849,,,,,,,,,,,,,,,,,,,,,,,,
39,,,13849,,,,,,,,,,,0.8828125,0.29893234372138977,0.1171875,0.8845166563987732,0.29893234372138977,0.8810606002807617,0.8980719447135925,,,,,,,
,,0.06073514636983033,13899,,,,,,,,,,,,,,,,,,,,,,,,
39,,,13899,,,,,,,,,,,0.9140625,0.27125445008277893,0.0859375,0.9133508205413818,0.27125445008277893,0.9172283411026001,0.9123040437698364,,,,,,,
,,0.059201140019293504,13949,,,,,,,,,,,,,,,,,,,,,,,,
39,,,13949,,,,,,,,,,,0.90625,0.26506876945495605,0.09375,0.9020582437515259,0.26506876945495605,0.9033230543136597,0.9157997369766235,,,,,,,
,,0.0576819782100165,13999,,,,,,,,,,,,,,,,,,,,,,,,
39,,,13999,,,,,,,,,,,0.9140625,0.227199986577034,0.0859375,0.9192294478416443,0.227199986577034,0.9221144914627075,0.9253474473953247,,,,,,,
39,131072.0,,14039,,,,,,,,1185044.0,291308800.0,2272192.0,,,,,,,,0.8531650900840759,0.4410954415798187,0.14683490991592407,0.85442054271698,0.4410954415798187,0.8752241730690002,0.8511009216308594
,,0.05617790930537232,14049,,,,,,,,,,,,,,,,,,,,,,,,
40,,,14049,,,,,,,,,,,0.9453125,0.1914617121219635,0.0546875,0.948575496673584,0.1914617121219635,0.9511110782623291,0.9532738327980042,,,,,,,
,,0.0546891792012389,14099,,,,,,,,,,,,,,,,,,,,,,,,
40,,,14099,,,,,,,,,,,0.96875,0.16607536375522614,0.03125,0.9592133164405823,0.16607536375522614,0.9693055748939514,0.954807698726654,,,,,,,
,,0.05321603128579779,14149,,,,,,,,,,,,,,,,,,,,,,,,
40,,,14149,,,,,,,,,,,0.9609375,0.14469508826732635,0.0390625,0.9596405029296875,0.14469508826732635,0.9612820744514465,0.9603534936904907,,,,,,,
,,0.051758706399743504,14199,,,,,,,,,,,,,,,,,,,,,,,,
40,,,14199,,,,,,,,,,,0.9375,0.2087012529373169,0.0625,0.9374450445175171,0.2087012529373169,0.9418614506721497,0.9416258335113525,,,,,,,
,,0.05031744279690943,14249,,,,,,,,,,,,,,,,,,,,,,,,
40,,,14249,,,,,,,,,,,0.8984375,0.26590055227279663,0.1015625,0.8913161158561707,0.26590055227279663,0.8882900476455688,0.9038960933685303,,,,,,,
,,0.048892476105315996,14299,,,,,,,,,,,,,,,,,,,,,,,,
40,,,14299,,,,,,,,,,,0.9375,0.14868305623531342,0.0625,0.9340130090713501,0.14868305623531342,0.93791663646698,0.9366443753242493,,,,,,,
,,0.047484039288648944,14349,,,,,,,,,,,,,,,,,,,,,,,,
40,,,14349,,,,,,,,,,,0.9453125,0.14046023786067963,0.0546875,0.9404774904251099,0.14046023786067963,0.9482843279838562,0.9395959377288818,,,,,,,
40,131072.0,,14390,,,,,,,,1185044.0,291308800.0,2272192.0,,,,,,,,0.8661859035491943,0.39847543835639954,0.13381409645080566,0.8666975498199463,0.39847543835639954,0.8752027153968811,0.865879476070404
,,0.0460923626081722,14399,,,,,,,,,,,,,,,,,,,,,,,,
41,,,14399,,,,,,,,,,,0.953125,0.16223390400409698,0.046875,0.9492096900939941,0.16223390400409698,0.9532900452613831,0.9489253759384155,,,,,,,
,,0.044717673585083814,14449,,,,,,,,,,,,,,,,,,,,,,,,
41,,,14449,,,,,,,,,,,0.984375,0.1113819032907486,0.015625,0.981573760509491,0.1113819032907486,0.9864253997802734,0.9785714149475098,,,,,,,
,,0.04336019696331862,14499,,,,,,,,,,,,,,,,,,,,,,,,
41,,,14499,,,,,,,,,,,0.9375,0.17115411162376404,0.0625,0.9307059049606323,0.17115411162376404,0.9277272820472717,0.9394444227218628,,,,,,,
,,0.042020154672805794,14549,,,,,,,,,,,,,,,,,,,,,,,,
41,,,14549,,,,,,,,,,,0.953125,0.17997406423091888,0.046875,0.9491431713104248,0.17997406423091888,0.9459090828895569,0.9587404727935791,,,,,,,
,,0.04069776579318602,14599,,,,,,,,,,,,,,,,,,,,,,,,
41,,,14599,,,,,,,,,,,0.9140625,0.2127586305141449,0.0859375,0.9059524536132812,0.2127586305141449,0.9019497632980347,0.9116383790969849,,,,,,,
,,0.03939324651799501,14649,,,,,,,,,,,,,,,,,,,,,,,,
41,,,14649,,,,,,,,,,,0.9140625,0.23205924034118652,0.0859375,0.9082481861114502,0.23205924034118652,0.9065201878547668,0.9202346205711365,,,,,,,
,,0.03810681011931833,14699,,,,,,,,,,,,,,,,,,,,,,,,
41,,,14699,,,,,,,,,,,0.96875,0.16065455973148346,0.03125,0.9658903479576111,0.16065455973148346,0.9653535485267639,0.9696202874183655,,,,,,,
41,131072.0,,14741,,,,,,,,1185044.0,291308800.0,2272192.0,,,,,,,,0.8888221383094788,0.3454737067222595,0.11117786169052124,0.8884151577949524,0.3454737067222595,0.8934677839279175,0.8887263536453247
,,0.03683866691292443,14749,,,,,,,,,,,,,,,,,,,,,,,,
42,,,14749,,,,,,,,,,,0.953125,0.174952894449234,0.046875,0.95176762342453,0.174952894449234,0.9477381110191345,0.9587112069129944,,,,,,,
,,0.03558902422388053,14799,,,,,,,,,,,,,,,,,,,,,,,,
42,,,14799,,,,,,,,,,,0.953125,0.1404649168252945,0.046875,0.9530618786811829,0.1404649168252945,0.953084409236908,0.9587783217430115,,,,,,,
,,0.03435808635265794,14849,,,,,,,,,,,,,,,,,,,,,,,,
42,,,14849,,,,,,,,,,,0.9375,0.19342395663261414,0.0625,0.9371647834777832,0.19342395663261414,0.9351165890693665,0.9410130977630615,,,,,,,
,,0.0331460545417312,14899,,,,,,,,,,,,,,,,,,,,,,,,
42,,,14899,,,,,,,,,,,0.9453125,0.16418012976646423,0.0546875,0.952646017074585,0.16418012976646423,0.9499566555023193,0.9596635699272156,,,,,,,
,,0.03195312694267767,14949,,,,,,,,,,,,,,,,,,,,,,,,
42,,,14949,,,,,,,,,,,0.9375,0.17551347613334656,0.0625,0.9334285855293274,0.17551347613334656,0.9412698745727539,0.9388156533241272,,,,,,,
,,0.0307794985837825,14999,,,,,,,,,,,,,,,,,,,,,,,,
42,,,14999,,,,,,,,,,,0.9375,0.15759384632110596,0.0625,0.9299427270889282,0.15759384632110596,0.9323621392250061,0.9358751773834229,,,,,,,
,,0.02962536133815371,15049,,,,,,,,,,,,,,,,,,,,,,,,
42,,,15049,,,,,,,,,,,0.9140625,0.3303542137145996,0.0859375,0.9064314365386963,0.3303542137145996,0.910169243812561,0.9040112495422363,,,,,,,
42,131072.0,,15092,,,,,,,,1185044.0,291308800.0,2272192.0,,,,,,,,0.8988381624221802,0.3076571524143219,0.10116183757781982,0.8979302644729614,0.3076571524143219,0.8993924856185913,0.8982057571411133
,,0.02849090389235362,15099,,,,,,,,,,,,,,,,,,,,,,,,
43,,,15099,,,,,,,,,,,0.9765625,0.07977365702390671,0.0234375,0.9782582521438599,0.07977365702390671,0.9788544774055481,0.9780701398849487,,,,,,,
,,0.027376311715550886,15149,,,,,,,,,,,,,,,,,,,,,,,,
43,,,15149,,,,,,,,,,,0.96875,0.07043766230344772,0.03125,0.9692038893699646,0.07043766230344772,0.9714743494987488,0.9702563881874084,,,,,,,
,,0.026281767029198877,15199,,,,,,,,,,,,,,,,,,,,,,,,
43,,,15199,,,,,,,,,,,0.984375,0.10127701610326767,0.015625,0.9834420084953308,0.10127701610326767,0.9832168221473694,0.9850000143051147,,,,,,,
,,0.025207448777244602,15249,,,,,,,,,,,,,,,,,,,,,,,,
43,,,15249,,,,,,,,,,,0.953125,0.1553119271993637,0.046875,0.9487332105636597,0.1553119271993637,0.9449592232704163,0.9594643115997314,,,,,,,
,,0.024153532596873795,15299,,,,,,,,,,,,,,,,,,,,,,,,
43,,,15299,,,,,,,,,,,0.9609375,0.13687287271022797,0.0390625,0.9545422196388245,0.13687287271022797,0.9456641674041748,0.9694737195968628,,,,,,,
,,0.02312019078979642,15349,,,,,,,,,,,,,,,,,,,,,,,,
43,,,15349,,,,,,,,,,,0.96875,0.10782424360513687,0.03125,0.9691258668899536,0.10782424360513687,0.9693182110786438,0.9718201160430908,,,,,,,
,,0.022107592294077782,15399,,,,,,,,,,,,,,,,,,,,,,,,
43,,,15399,,,,,,,,,,,1.0,0.06048702076077461,0.0,1.0,0.06048702076077461,1.0,1.0,,,,,,,
43,131072.0,,15443,,,,,,,,1185044.0,291308800.0,2272192.0,,,,,,,,0.8994390964508057,0.29953476786613464,0.10056090354919434,0.8970085978507996,0.29953476786613464,0.9018299579620361,0.8978469967842102
,,0.021115902656519015,15449,,,,,,,,,,,,,,,,,,,,,,,,
44,,,15449,,,,,,,,,,,0.96875,0.08650489896535873,0.03125,0.9674689769744873,0.08650489896535873,0.9712499380111694,0.9682142734527588,,,,,,,
,,0.02014528400559254,15499,,,,,,,,,,,,,,,,,,,,,,,,
44,,,15499,,,,,,,,,,,0.96875,0.07726256549358368,0.03125,0.9707318544387817,0.07726256549358368,0.9739495515823364,0.968829333782196,,,,,,,
,,0.01919589502493602,15549,,,,,,,,,,,,,,,,,,,,,,,,
44,,,15549,,,,,,,,,,,0.984375,0.08378732204437256,0.015625,0.980669379234314,0.08378732204437256,0.9818181991577148,0.9822222590446472,,,,,,,
,,0.018267890927409724,15599,,,,,,,,,,,,,,,,,,,,,,,,
44,,,15599,,,,,,,,,,,0.953125,0.11547216773033142,0.046875,0.9580172896385193,0.11547216773033142,0.9579487442970276,0.9605876207351685,,,,,,,
,,0.017361423429721308,15649,,,,,,,,,,,,,,,,,,,,,,,,
44,,,15649,,,,,,,,,,,0.9609375,0.1071084514260292,0.0390625,0.9448652267456055,0.1071084514260292,0.9573016166687012,0.9398809671401978,,,,,,,
,,0.0164766407276217,15699,,,,,,,,,,,,,,,,,,,,,,,,
44,,,15699,,,,,,,,,,,0.96875,0.09168141335248947,0.03125,0.9643861651420593,0.09168141335248947,0.9616667032241821,0.9713094830513,,,,,,,
,,0.01561368747167754,15749,,,,,,,,,,,,,,,,,,,,,,,,
44,,,15749,,,,,,,,,,,0.9765625,0.09811630100011826,0.0234375,0.9778285622596741,0.09811630100011826,0.9777243137359619,0.9791666269302368,,,,,,,
44,131072.0,,15794,,,,,,,,1185044.0,291308800.0,2272192.0,,,,,,,,0.9098557829856873,0.27496129274368286,0.09014421701431274,0.9095674753189087,0.27496129274368286,0.9115192890167236,0.9093248844146729
,,0.01477270474362228,15799,,,,,,,,,,,,,,,,,,,,,,,,
45,,,15799,,,,,,,,,,,0.9921875,0.07003265619277954,0.0078125,0.9940714836120605,0.07003265619277954,0.9937499761581421,0.9947367906570435,,,,,,,
,,0.013953830033291315,15849,,,,,,,,,,,,,,,,,,,,,,,,
45,,,15849,,,,,,,,,,,0.9609375,0.08215252310037613,0.0390625,0.957976222038269,0.08215252310037613,0.9597222208976746,0.9567691683769226,,,,,,,
,,0.013157197216144048,15899,,,,,,,,,,,,,,,,,,,,,,,,
45,,,15899,,,,,,,,,,,0.9765625,0.09259780496358871,0.0234375,0.9791611433029175,0.09259780496358871,0.9815685749053955,0.9790475964546204,,,,,,,
,,0.012382936531377198,15949,,,,,,,,,,,,,,,,,,,,,,,,
45,,,15949,,,,,,,,,,,0.9765625,0.07379542291164398,0.0234375,0.970660388469696,0.07379542291164398,0.9730159044265747,0.9688889384269714,,,,,,,
,,0.011631174560632118,15999,,,,,,,,,,,,,,,,,,,,,,,,
45,,,15999,,,,,,,,,,,0.984375,0.04370207339525223,0.015625,0.9835848808288574,0.04370207339525223,0.9861904978752136,0.9823076725006104,,,,,,,
,,0.010902034207300444,16049,,,,,,,,,,,,,,,,,,,,,,,,
45,,,16049,,,,,,,,,,,0.9609375,0.1531965285539627,0.0390625,0.9614295959472656,0.1531965285539627,0.9629924297332764,0.9633333086967468,,,,,,,
,,0.01019563467643099,16099,,,,,,,,,,,,,,,,,,,,,,,,
45,,,16099,,,,,,,,,,,0.9609375,0.0966549664735794,0.0390625,0.9593959450721741,0.0966549664735794,0.9615685939788818,0.9629293084144592,,,,,,,
45,131072.0,,16145,,,,,,,,1185044.0,291308800.0,2272192.0,,,,,,,,0.9210737347602844,0.24124836921691895,0.07892626523971558,0.9204403162002563,0.24124836921691895,0.9206579923629761,0.9205353856086731
,,0.009512091455241274,16149,,,,,,,,,,,,,,,,,,,,,,,,
46,,,16149,,,,,,,,,,,0.9921875,0.04030333459377289,0.0078125,0.9939707517623901,0.04030333459377289,0.9954545497894287,0.9928570985794067,,,,,,,
,,0.008851516294236767,16199,,,,,,,,,,,,,,,,,,,,,,,,
46,,,16199,,,,,,,,,,,0.9921875,0.05016300827264786,0.0078125,0.9912381172180176,0.05016300827264786,0.9909090995788574,0.9923076629638672,,,,,,,
,,0.008214017188941113,16249,,,,,,,,,,,,,,,,,,,,,,,,
46,,,16249,,,,,,,,,,,0.984375,0.07390312850475311,0.015625,0.9844444394111633,0.07390312850475311,0.9844444394111633,0.9844444394111633,,,,,,,
,,0.007599698362240441,16299,,,,,,,,,,,,,,,,,,,,,,,,
46,,,16299,,,,,,,,,,,0.9921875,0.02268344722688198,0.0078125,0.9899749159812927,0.02268344722688198,0.9900000095367432,0.9909090995788574,,,,,,,
,,0.007008660247344027,16349,,,,,,,,,,,,,,,,,,,,,,,,
46,,,16349,,,,,,,,,,,1.0,0.02300640195608139,0.0,1.0,0.02300640195608139,1.0,1.0,,,,,,,
,,0.006440999471364913,16399,,,,,,,,,,,,,,,,,,,,,,,,
46,,,16399,,,,,,,,,,,0.9765625,0.06030917912721634,0.0234375,0.9794130921363831,0.06030917912721634,0.9800000190734863,0.981985330581665,,,,,,,
,,0.005896808839522539,16449,,,,,,,,,,,,,,,,,,,,,,,,
46,,,16449,,,,,,,,,,,0.9765625,0.07591546326875687,0.0234375,0.9670771956443787,0.07591546326875687,0.9614285826683044,0.9778676629066467,,,,,,,
46,131072.0,,16496,,,,,,,,1185044.0,291308800.0,2272192.0,,,,,,,,0.9234775900840759,0.23741267621517181,0.07652240991592407,0.9229780435562134,0.23741267621517181,0.9231854677200317,0.9232879877090454
,,0.005376177319970374,16499,,,,,,,,,,,,,,,,,,,,,,,,
47,,,16499,,,,,,,,,,,0.9765625,0.04974988102912903,0.0234375,0.9722776412963867,0.04974988102912903,0.9678571820259094,0.9811621904373169,,,,,,,
,,0.0048791900292506594,16549,,,,,,,,,,,,,,,,,,,,,,,,
47,,,16549,,,,,,,,,,,0.9921875,0.054133202880620956,0.0078125,0.9915110468864441,0.054133202880620956,0.9900000095367432,0.9937499761581421,,,,,,,
,,0.004405928218379062,16599,,,,,,,,,,,,,,,,,,,,,,,,
47,,,16599,,,,,,,,,,,0.9921875,0.036647334694862366,0.0078125,0.9912885427474976,0.036647334694862366,0.9900000095367432,0.9933333396911621,,,,,,,
,,0.0039564692595610365,16649,,,,,,,,,,,,,,,,,,,,,,,,
47,,,16649,,,,,,,,,,,0.984375,0.048269107937812805,0.015625,0.9857142567634583,0.048269107937812805,0.9866666793823242,0.9866666793823242,,,,,,,
,,0.0035308866335426953,16699,,,,,,,,,,,,,,,,,,,,,,,,
47,,,16699,,,,,,,,,,,0.984375,0.03999584913253784,0.015625,0.9846302270889282,0.03999584913253784,0.9850000143051147,0.9854166507720947,,,,,,,
,,0.003129249917597381,16749,,,,,,,,,,,,,,,,,,,,,,,,
47,,,16749,,,,,,,,,,,1.0,0.023092010989785194,0.0,1.0,0.023092010989785194,1.0,1.0,,,,,,,
,,0.00275162477415088,16799,,,,,,,,,,,,,,,,,,,,,,,,
47,,,16799,,,,,,,,,,,1.0,0.010845683515071869,0.0,1.0,0.010845683515071869,1.0,1.0,,,,,,,
47,131072.0,,16847,,,,,,,,1185044.0,291308800.0,2272192.0,,,,,,,,0.9294871687889099,0.22541648149490356,0.07051283121109009,0.9288992285728455,0.22541648149490356,0.9288061261177063,0.9291160106658936
,,0.002398072940046367,16849,,,,,,,,,,,,,,,,,,,,,,,,
48,,,16849,,,,,,,,,,,0.9921875,0.03539577126502991,0.0078125,0.9924263954162598,0.03539577126502991,0.9916666746139526,0.9937500357627869,,,,,,,
,,0.0020686522164513202,16899,,,,,,,,,,,,,,,,,,,,,,,,
48,,,16899,,,,,,,,,,,0.9921875,0.031001336872577667,0.0078125,0.990107536315918,0.031001336872577667,0.987500011920929,0.9937499761581421,,,,,,,
,,0.001763416459407636,16949,,,,,,,,,,,,,,,,,,,,,,,,
48,,,16949,,,,,,,,,,,0.9921875,0.036751385778188705,0.0078125,0.9915343523025513,0.036751385778188705,0.9928570985794067,0.9909090995788574,,,,,,,
,,0.0014824155710269208,16999,,,,,,,,,,,,,,,,,,,,,,,,
48,,,16999,,,,,,,,,,,0.9921875,0.04783480241894722,0.0078125,0.9904761910438538,0.04783480241894722,0.9909090995788574,0.9909090995788574,,,,,,,
,,0.001225695491332253,17049,,,,,,,,,,,,,,,,,,,,,,,,
48,,,17049,,,,,,,,,,,0.9921875,0.04019443690776825,0.0078125,0.9925517439842224,0.04019443690776825,0.9933333396911621,0.992307722568512,,,,,,,
,,0.0009932981907473854,17099,,,,,,,,,,,,,,,,,,,,,,,,
48,,,17099,,,,,,,,,,,1.0,0.017241068184375763,0.0,1.0,0.017241068184375763,1.0,1.0,,,,,,,
,,0.0007852616632352626,17149,,,,,,,,,,,,,,,,,,,,,,,,
48,,,17149,,,,,,,,,,,0.984375,0.05654795095324516,0.015625,0.9824884533882141,0.05654795095324516,0.9784090518951416,0.988194465637207,,,,,,,
48,131072.0,,17198,,,,,,,,1185044.0,291308800.0,2272192.0,,,,,,,,0.9278846383094788,0.22344708442687988,0.07211536169052124,0.9274113178253174,0.22344708442687988,0.9275782704353333,0.9275214076042175
,,0.0006016199200864639,17199,,,,,,,,,,,,,,,,,,,,,,,,
49,,,17199,,,,,,,,,,,0.9921875,0.041038691997528076,0.0078125,0.9896050095558167,0.041038691997528076,0.985714316368103,0.9947367906570435,,,,,,,
,,0.0004424029843587404,17249,,,,,,,,,,,,,,,,,,,,,,,,
49,,,17249,,,,,,,,,,,0.984375,0.04644563049077988,0.015625,0.9788081049919128,0.04644563049077988,0.971666693687439,0.9888544678688049,,,,,,,
,,0.0003076368859687276,17299,,,,,,,,,,,,,,,,,,,,,,,,
49,,,17299,,,,,,,,,,,0.9765625,0.051993366330862045,0.0234375,0.9754658341407776,0.051993366330862045,0.9769231081008911,0.9783333539962769,,,,,,,
,,0.00019734365743629984,17349,,,,,,,,,,,,,,,,,,,,,,,,
49,,,17349,,,,,,,,,,,0.9921875,0.02263219654560089,0.0078125,0.9929697513580322,0.02263219654560089,0.992307722568512,0.9941176176071167,,,,,,,
,,0.00011154133028258247,17399,,,,,,,,,,,,,,,,,,,,,,,,
49,,,17399,,,,,,,,,,,1.0,0.0337538942694664,0.0,1.0,0.0337538942694664,1.0,1.0,,,,,,,
,,5.024393208205549e-05,17449,,,,,,,,,,,,,,,,,,,,,,,,
49,,,17449,,,,,,,,,,,1.0,0.012340154498815536,0.0,1.0,0.012340154498815536,1.0,1.0,,,,,,,
,,1.3461484169163578e-05,17499,,,,,,,,,,,,,,,,,,,,,,,,
49,,,17499,,,,,,,,,,,1.0,0.017710503190755844,0.0,1.0,0.017710503190755844,1.0,1.0,,,,,,,
,,1.2e-06,17549,,,,,,,,,,,,,,,,,,,,,,,,
49,,,17549,,,,,,,,,,,1.0,0.012483521364629269,0.0,1.0,0.012483521364629269,1.0,1.0,,,,,,,
49,131072.0,,17549,,,,,,,,1185044.0,291308800.0,2272192.0,,,,,,,,0.9298878312110901,0.2228771597146988,0.07011216878890991,0.9293970465660095,0.2228771597146988,0.9294691681861877,0.9295450448989868
50,131072.0,,17550,,,,,,,,1185044.0,291308800.0,2272192.0,,,,,,,,0.9298878312110901,0.2228771597146988,0.07011216878890991,0.9293970465660095,0.2228771597146988,0.9294691681861877,0.9295450448989868
50,,,17550,0.9304887652397156,0.21008536219596863,0.06951123476028442,0.9304283857345581,0.21008536219596863,0.9305222034454346,0.930468738079071,,,,,,,,,,,,,,,,,
